     Depth,  GAM(NAT),  RES(16N),   RES(64),   NEUTRON,Outcome
154.3,42.5951,38.9666,224.772,441.244,Dry
154.5,11.3988,38.9666,224.905,437.769,Dry
154.8,1,38.9436,225.238,416.923,Dry
155,11.3988,38.8745,225.338,375.231,Dry
155.3,21.7975,38.9436,225.304,295.321,Dry
155.5,16.5982,38.9896,225.371,277.949,Dry
155.8,1,39.0126,225.437,337.013,Dry
156,16.5982,39.1047,225.903,354.385,Dry
156.3,11.3988,39.0587,226.302,340.487,Dry
156.5,11.3988,39.0587,226.369,312.692,Dry
156.8,16.5982,39.1738,227.034,364.808,Dry
157,1,39.1968,226.901,375.231,Dry
157.3,11.3988,39.2889,227.233,340.487,Dry
157.5,32.1963,39.3349,226.735,337.013,Dry
157.8,42.5951,39.3809,225.87,323.115,Dry
158,11.3988,39.404,224.473,319.641,Dry
158.3,11.3988,39.2658,223.941,361.333,Dry
158.5,11.3988,39.0587,224.107,375.231,Dry
158.8,11.3988,38.7824,224.307,236.256,Dry
159,11.3988,38.8515,223.941,326.59,Dry
159.3,11.3988,38.8515,223.908,319.641,Dry
159.5,1,38.7824,223.542,399.551,Dry
159.8,16.5982,38.8054,223.542,243.205,Dry
160,1,38.7824,223.375,253.628,Dry
160.3,1,38.7594,76.9685,375.231,Dry
160.5,6.19939,38.7824,76.9685,288.372,Dry
160.8,16.5982,39.1738,76.9685,281.423,Dry
161,6.19939,39.9334,76.9685,257.103,Dry
161.3,11.3988,37.9537,76.378,271,Dry
161.5,16.5982,36.2732,76.378,378.705,Dry
161.8,26.9969,38.1839,75.9843,347.436,Dry
162,16.5982,39.0587,75.9843,330.064,Dry
162.3,1,38.0228,75.9843,333.538,Dry
162.5,11.3988,37.5393,75,271,Dry
162.8,1,36.7106,74.2126,389.128,Dry
163,32.1963,36.7106,74.2126,361.333,Dry
163.3,32.1963,22.254,73.622,403.026,Dry
163.5,21.7975,19.952,72.6378,277.949,Dry
163.8,6.19939,20.5965,71.8504,333.538,Dry
164,11.3988,21.0109,70.8661,333.538,Dry
164.3,11.3988,21.0109,69.4882,451.667,Dry
164.5,21.7975,21.4253,69.4882,378.705,Dry
164.8,11.3988,21.8396,67.126,298.795,Dry
165,1,22.4381,65.3543,271,Dry
165.3,1,22.5763,64.3701,368.282,Dry
165.5,1,22.7604,64.3701,291.846,Dry
165.8,11.3988,23.0827,64.3701,298.795,Dry
166,6.19939,23.1748,64.3701,326.59,Dry
166.3,11.3988,23.2208,62.9921,389.128,Dry
166.5,21.7975,23.2669,62.9921,333.538,Dry
166.8,1,23.4971,62.9921,340.487,Dry
167,11.3988,24.0496,62.9921,333.538,Dry
167.3,21.7975,24.0035,62.9921,284.897,Dry
167.5,1,24.2337,62.9921,430.821,Dry
167.8,11.3988,24.3258,63.3858,305.744,Dry
168,11.3988,24.8783,63.9764,319.641,Dry
168.3,11.3988,25.3847,64.7638,340.487,Dry
168.5,11.3988,25.8451,66.7323,298.795,Dry
168.8,21.7975,26.3055,68.1102,326.59,Dry
169,11.3988,27.1342,68.5039,430.821,Dry
169.3,21.7975,27.6407,69.4882,354.385,Dry
169.5,1,27.963,69.8819,302.269,Dry
169.8,11.3988,28.2853,70.4724,528.103,Dry
170,32.1963,27.5256,70.8661,465.564,Dry
170.3,58.1933,28.6536,71.2598,486.41,Dry
170.5,1,29.0449,71.8504,392.603,Dry
170.8,21.7975,27.963,72.2441,389.128,Dry
171,42.5951,28.1471,72.6378,340.487,Dry
171.3,21.7975,25.7991,72.6378,479.462,Dry
171.5,1,23.8654,72.6378,646.231,Dry
171.8,32.1963,22.9446,72.6378,486.41,Dry
172,63.3926,22.8065,72.6378,625.385,Dry
172.3,63.3926,23.2439,74.2126,542,Dry
172.5,21.7975,23.1287,74.6063,451.667,Dry
172.8,63.3926,22.9446,74.6063,409.974,Dry
173,42.5951,24.0496,74.2126,465.564,Dry
173.3,32.1963,24.579,74.2126,632.333,Dry
173.5,63.3926,25.5228,73.2283,507.256,Dry
173.8,32.1963,27.2263,72.2441,535.051,Dry
174,42.5951,26.5818,71.2598,403.026,Dry
174.3,21.7975,25.7991,70.8661,479.462,Dry
174.5,52.9939,24.8322,70.4724,451.667,Dry
174.8,37.3957,24.8783,70.4724,542,Dry
175,32.1963,25.661,69.4882,434.295,Dry
175.3,26.9969,25.2926,69.4882,479.462,Dry
175.5,21.7975,25.6149,69.4882,493.359,Dry
175.8,37.3957,25.4768,69.4882,576.744,Dry
176,73.7914,26.6508,69.8819,590.641,Dry
176.3,63.3926,27.5946,69.8819,646.231,Dry
176.5,16.5982,27.8709,69.8819,479.462,Dry
176.8,11.3988,31.0937,70.4724,590.641,Dry
177,84.1902,33.5338,71.8504,576.744,Dry
177.3,52.9939,36.4344,75.5906,646.231,Dry
177.5,42.5951,39.1047,76.9685,590.641,Dry
177.8,11.3988,40.3938,77.7559,528.103,Dry
178,1,40.2097,80.1181,590.641,Dry
178.3,32.1963,40.7621,83.4646,590.641,Dry
178.5,11.3988,41.6829,84.8425,674.026,Dry
178.8,21.7975,41.798,86.2205,646.231,Dry
179,21.7975,42.3736,86.2205,597.59,Dry
179.3,32.1963,42.3966,86.2205,503.782,Dry
179.5,73.7914,42.3736,86.2205,555.897,Dry
179.8,11.3988,41.0384,86.2205,646.231,Dry
180,52.9939,39.5651,85.6299,611.487,Dry
180.3,89.3896,37.8156,84.252,548.949,Dry
180.5,104.988,36.7797,84.252,437.769,Dry
180.8,37.3957,38.6443,84.252,423.872,Dry
181,42.5951,39.0356,84.252,458.615,Dry
181.3,42.5951,38.7824,80.1181,590.641,Dry
181.5,42.5951,41.5218,80.1181,1014.51,Dry
181.8,11.3988,42.2354,80.1181,1000.62,Dry
182,42.5951,43.4785,80.1181,667.077,Dry
182.3,94.589,43.1102,81.4961,680.974,Dry
182.5,84.1902,42.926,82.4803,576.744,Dry
182.8,115.387,43.1102,82.4803,479.462,Dry
183,99.7883,42.6958,82.4803,521.154,Dry
183.3,115.387,42.6728,82.4803,687.923,Dry
183.5,73.7914,43.2483,81.8898,576.744,Dry
183.8,84.1902,43.8468,81.4961,587.167,Dry
184,84.1902,43.4785,81.4961,465.564,Dry
184.3,84.1902,42.7189,81.4961,493.359,Dry
184.5,52.9939,42.1433,79.7244,500.308,Dry
184.8,94.589,41.1765,79.7244,409.974,Dry
185,42.5951,41.2225,80.1181,340.487,Dry
185.3,68.592,40.9463,82.4803,396.077,Dry
185.5,21.7975,40.2097,83.4646,430.821,Dry
185.8,32.1963,36.8027,83.4646,569.795,Dry
186,32.1963,33.5108,83.4646,493.359,Dry
186.3,32.1963,34.0863,83.4646,396.077,Dry
186.5,58.1933,33.718,83.4646,444.718,Dry
186.8,42.5951,36.02,83.4646,396.077,Dry
187,42.5951,37.0329,82.874,423.872,Dry
187.3,32.1963,37.3552,81.8898,409.974,Dry
187.5,73.7914,39.0126,81.8898,423.872,Dry
187.8,84.1902,39.9334,80.1181,277.949,Dry
188,52.9939,40.0715,80.1181,389.128,Dry
188.3,63.3926,37.8386,78.7402,371.756,Dry
188.5,42.5951,34.0863,78.7402,354.385,Dry
188.8,52.9939,33.718,76.9685,347.436,Dry
189,42.5951,38.5983,76.9685,385.654,Dry
189.3,47.7945,37.0329,77.7559,458.615,Dry
189.5,52.9939,36.6185,77.7559,354.385,Dry
189.8,68.592,36.0891,80.5118,423.872,Dry
190,42.5951,34.7769,82.4803,389.128,Dry
190.3,89.3896,34.823,83.8583,375.231,Dry
190.5,104.988,35.2373,84.252,409.974,Dry
190.8,11.3988,36.2962,84.252,389.128,Dry
191,84.1902,36.2502,80.5118,507.256,Dry
191.3,52.9939,36.6646,80.5118,347.436,Dry
191.5,84.1902,35.2834,78.3465,444.718,Dry
191.8,32.1963,35.2834,78.3465,423.872,Dry
192,32.1963,35.6056,78.3465,486.41,Dry
192.3,21.7975,35.5596,74.6063,430.821,Dry
192.5,63.3926,38.9205,74.6063,493.359,Dry
192.8,52.9939,39.6572,73.622,674.026,Dry
193,11.3988,37.9307,75.5906,521.154,Dry
193.3,94.589,37.2631,76.378,437.769,Dry
193.5,104.988,35.5596,76.378,423.872,Dry
193.8,94.589,33.672,75.5906,479.462,Dry
194,84.1902,33.1195,75,493.359,Dry
194.3,52.9939,32.567,74.6063,396.077,Dry
194.5,52.9939,32.4289,74.6063,361.333,Dry
194.8,32.1963,33.0274,74.6063,416.923,Dry
195,104.988,35.6056,73.622,361.333,Dry
195.3,73.7914,35.5136,76.378,486.41,Dry
195.5,63.3926,35.6977,79.7244,451.667,Dry
195.8,52.9939,35.8819,83.8583,465.564,Dry
196,115.387,35.1913,81.4961,298.795,Dry
196.3,32.1963,34.0403,79.7244,382.179,Dry
196.5,84.1902,36.2272,75.9843,423.872,Dry
196.8,52.9939,35.4675,72.6378,347.436,Dry
197,84.1902,35.6977,69.8819,451.667,Dry
197.3,63.3926,34.869,68.5039,403.026,Dry
197.5,32.1963,33.1195,68.5039,674.026,Dry
197.8,52.9939,33.3497,69.4882,493.359,Dry
198,11.3988,36.2042,71.8504,284.897,Dry
198.3,42.5951,35.0992,72.6378,423.872,Dry
198.5,63.3926,34.6848,73.622,409.974,Dry
198.8,63.3926,27.8249,73.622,423.872,Dry
199,42.5951,33.4878,73.622,416.923,Dry
199.3,52.9939,34.3626,73.2283,409.974,Dry
199.5,84.1902,34.0403,72.2441,479.462,Dry
199.8,52.9939,30.8635,70.4724,368.282,Dry
200,84.1902,33.3497,68.5039,409.974,Dry
200.3,73.7914,24.579,64.7638,333.538,Dry
200.5,73.7914,10.0994,62.9921,500.308,Dry
200.8,68.592,11.4345,62.9921,701.82,Dry
201,52.9939,13.7826,63.3858,548.949,Dry
201.3,68.592,16.6601,61.2205,729.615,Dry
201.5,63.3926,17.9722,60.2362,785.205,Dry
201.8,42.5951,22.1159,51.9685,1292.46,Dry
202,11.3988,28.009,51.9685,1070.1,Dry
202.3,21.7975,28.5615,51.9685,1236.87,Dry
202.5,52.9939,22.8065,50,917.231,Dry
202.8,32.1963,18.8931,49.0157,465.564,Dry
203,94.589,17.4658,49.0157,416.923,Dry
203.3,73.7914,16.2227,49.0157,403.026,Dry
203.5,63.3926,16.499,49.0157,347.436,Dry
203.8,52.9939,16.8673,50,423.872,Dry
204,73.7914,17.696,51.9685,409.974,Dry
204.3,42.5951,19.0772,52.7559,451.667,Dry
204.5,73.7914,19.6297,53.3465,416.923,Dry
204.8,58.1933,21.149,54.1339,618.436,Dry
205,84.1902,24.2798,55.5118,555.897,Dry
205.3,52.9939,25.9832,57.4803,792.154,Dry
205.5,32.1963,30.0808,59.252,1243.82,Dry
205.8,1,40.578,64.7638,1125.69,Dry
206,11.3988,46.333,65.748,1195.18,Dry
206.3,1,50.9831,69.0945,1000.62,Hard_water
206.5,11.3988,52.7786,70.8661,1278.56,Hard_water
206.8,11.3988,51.2133,73.2283,1090.95,Hard_water
207,32.1963,47.3919,78.3465,1174.33,Hard_water
207.3,11.3988,43.8929,86.6142,802.577,Hard_water
207.5,21.7975,42.5577,91.7323,521.154,Hard_water
207.8,1,41.5909,94.4882,694.872,Hard_water
208,1,43.3864,107.504,965.872,Hard_water
208.3,1,51.9499,102.781,958.923,Hard_water
208.5,1,57.1064,108.169,764.359,Hard_water
208.8,6.19939,58.5797,144.882,799.103,Hard_water
209,21.7975,60.9277,155.906,896.385,Hard_water
209.3,21.7975,64.4268,159.055,910.282,Hard_water
209.5,11.3988,66.1763,164.567,1153.49,Hard_water
209.8,11.3988,68.1561,172.441,1000.62,Hard_water
210,11.3988,74.0032,176.378,896.385,Hard_water
210.3,32.1963,79.0676,176.378,1007.56,Hard_water
210.5,11.3988,81.7379,185.039,917.231,Hard_water
210.8,63.3926,84.5464,192.913,819.949,Hard_water
211,32.1963,86.9405,194.488,767.833,Hard_water
211.3,32.1963,89.9331,194.488,826.897,Hard_water
211.5,1,97.0233,194.488,785.205,Hard_water
211.8,1,102.18,192.913,785.205,Hard_water
212,6.19939,103.607,188.976,819.949,Hard_water
212.3,1,104.804,183.465,882.487,Hard_water
212.5,1,108.349,176.378,854.692,Hard_water
212.8,11.3988,108.211,166.929,972.82,Hard_water
213,1,105.403,159.055,1021.46,Hard_water
213.3,11.3988,104.39,155.906,896.385,Hard_water
213.5,11.3988,102.64,150.394,771.308,Hard_water
213.8,11.3988,99.3253,148.031,771.308,Hard_water
214,32.1963,97.5297,144.882,868.59,Hard_water
214.3,32.1963,96.2406,140.945,861.641,Hard_water
214.5,11.3988,91.8207,137.008,972.82,Hard_water
214.8,21.7975,86.3419,133.071,858.167,Hard_water
215,1,83.7637,131.496,1014.51,Hard_water
215.3,21.7975,82.2904,131.496,1191.71,Hard_water
215.5,32.1963,81.1854,135.433,1243.82,Hard_water
215.8,32.1963,84.7996,170.079,1181.28,Hard_water
216,21.7975,88.69,172.441,896.385,Hard_water
216.3,6.19939,93.7084,176.378,994.488,Hard_water
216.5,1,93.6623,179.528,1051.18,Hard_water
216.8,11.3988,95.2737,179.528,1055.91,Hard_water
217,21.7975,97.3916,181.89,1039.37,Hard_water
217.3,11.3988,99.9238,183.465,1077.17,Hard_water
217.5,11.3988,100.937,188.976,1051.18,Hard_water
217.8,1,103.883,198.425,1027.56,Hard_water
218,11.3988,105.264,209.449,945.026,Hard_water
218.3,1,108.579,220.472,1044.09,Hard_water
218.5,21.7975,108.395,231.496,1051.18,Hard_water
218.8,11.3988,108.487,237.008,1055.91,Hard_water
219,6.19939,111.94,237.008,1055.91,Hard_water
219.3,1,115.393,242.52,1018.11,Hard_water
219.5,1,115.67,244.882,1001.57,Hard_water
219.8,1,112.24,244.882,1001.57,Hard_water
220,21.7975,110.835,244.882,1018.11,Hard_water
220.3,11.3988,107.659,246.457,1100.79,Hard_water
220.5,11.3988,104.482,250.394,1088.98,Hard_water
220.8,1,95.7341,240.945,1000.62,Hard_water
221,1,88.3217,229.921,965.872,Hard_water
221.3,1,79.1136,220.472,1056.21,Hard_water
221.5,1,74.2334,214.961,1198.65,Hard_water
221.8,11.3988,69.8135,207.874,1035.36,Hard_water
222,11.3988,67.1892,200,1153.49,Hard_water
222.3,1,64.8412,192.913,1101.37,Hard_water
222.5,11.3988,61.9406,183.465,979.769,Hard_water
222.8,21.7975,60.1911,176.378,792.154,Hard_water
223,47.7945,59.1782,166.929,750.462,Hard_water
223.3,11.3988,58.7408,161.417,708.769,Hard_water
223.5,21.7975,59.2703,157.48,1028.41,Hard_water
223.8,42.5951,57.6129,153.543,1018.11,Hard_water
224,21.7975,62.355,150.394,1039.37,Hard_water
224.3,1,68.5244,150.394,1060.63,Hard_water
224.5,1,75.3844,146.457,1088.98,Hard_water
224.8,11.3988,80.0344,150.394,1060.63,Hard_water
225,1,81.5077,162.992,1034.65,Hard_water
225.3,32.1963,82.1523,176.378,1067.72,Hard_water
225.5,21.7975,85.1909,179.528,1044.09,Hard_water
225.8,11.3988,91.4524,185.039,1011.02,Hard_water
226,32.1963,76.4433,200,989.764,Hard_water
226.3,1,99.5094,209.449,977.953,Hard_water
226.5,11.3988,101.075,214.961,982.677,Hard_water
226.8,16.5982,109.938,224.409,1060.63,Hard_water
227,6.19939,112.263,233.071,1027.56,Hard_water
227.3,6.19939,113.874,242.52,1150.39,Hard_water
227.5,1,114.887,251.969,1178.74,Hard_water
227.8,11.3988,115.209,255.906,1166.93,Hard_water
228,1,117.097,261.417,1117.32,Hard_water
228.3,21.7975,120.55,264.567,1051.18,Hard_water
228.5,21.7975,116.774,270.079,1072.44,Hard_water
228.8,11.3988,117.972,272.441,1108.32,Hard_water
229,1,118.202,276.378,972.82,Hard_water
229.3,1,123.174,285.039,1100.79,Hard_water
229.5,11.3988,126.627,287.402,1100.79,Hard_water
229.8,1,127.18,290.551,1100.79,Hard_water
230,6.19939,123.934,292.913,1001.57,Hard_water
230.3,6.19939,125.983,296.063,1044.09,Hard_water
230.5,1,128.354,296.063,1055.91,Hard_water
230.8,1,130.149,300,1077.17,Hard_water
231,1,129.988,303.937,1105.51,Hard_water
231.3,1,125.43,307.874,1112.6,Hard_water
231.5,1,117.557,309.449,1088.98,Hard_water
231.8,11.3988,123.128,309.449,1060.63,Hard_water
232,1,129.113,307.874,1088.98,Hard_water
232.3,11.3988,126.903,301.575,1088.98,Hard_water
232.5,1,129.804,294.488,1088.98,Hard_water
232.8,1,133.579,290.551,1088.98,Hard_water
233,21.7975,134.845,281.89,1039.37,Hard_water
233.3,1,130.725,272.441,1011.02,Hard_water
233.5,6.19939,126.811,266.929,1006.3,Hard_water
233.8,1,133.027,262.992,1090.95,Hard_water
234,16.5982,132.29,255.906,979.769,Hard_water
234.3,6.19939,119.307,253.543,1104.85,Hard_water
234.5,32.1963,113.69,251.969,972.82,Hard_water
234.8,11.3988,112.999,246.457,889.436,Hard_water
235,21.7975,115.163,242.52,1007.56,Hard_water
235.3,1,117.281,240.945,847.744,Hard_water
235.5,11.3988,117.879,238.583,1063.15,Hard_water
235.8,21.7975,117.879,238.583,1000.62,Hard_water
236,11.3988,119.445,238.583,1021.46,Hard_water
236.3,1,126.213,238.583,972.82,Hard_water
236.5,1,127.041,238.583,1096.06,Hard_water
236.8,11.3988,122.806,244.882,1100.79,Hard_water
237,21.7975,124.578,248.031,1100.79,Hard_water
237.3,11.3988,131.991,251.969,750.462,Hard_water
237.5,11.3988,134.5,257.48,993.667,Hard_water
237.8,6.19939,132.29,262.992,1011.02,Hard_water
238,11.3988,134.132,266.929,1034.65,Hard_water
238.3,11.3988,137.746,268.504,1044.09,Hard_water
238.5,21.7975,138.782,274.016,1100.79,Hard_water
238.8,32.1963,140.347,281.89,1117.32,Hard_water
239,11.3988,143.616,285.039,1129.13,Hard_water
239.3,1,145.596,287.402,1112.6,Hard_water
239.5,11.3988,145.734,288.976,1112.6,Hard_water
239.8,1,142.971,290.551,1112.6,Hard_water
240,1,139.979,292.913,1096.06,Hard_water
240.3,1,135.881,292.913,1088.98,Hard_water
240.5,11.3988,133.303,294.488,1183.46,Hard_water
240.8,1,129.436,296.063,1166.93,Hard_water
241,1,125.338,296.063,1145.67,Hard_water
241.3,1,125.062,296.063,1129.13,Hard_water
241.5,1,123.174,292.913,1105.51,Hard_water
241.8,1,119.721,287.402,1022.83,Hard_water
242,1,117.189,279.528,1122.05,Hard_water
242.3,32.1963,115.37,277.953,1112.6,Hard_water
242.5,32.1963,113.229,276.378,1100.79,Hard_water
242.8,11.3988,110.375,272.441,1072.44,Hard_water
243,1,113.368,266.929,1112.6,Hard_water
243.3,1,114.334,259.055,1166.93,Hard_water
243.5,11.3988,113.552,253.543,1138.58,Hard_water
243.8,1,112.17,248.031,1133.86,Hard_water
244,1,110.467,240.945,1105.51,Hard_water
244.3,6.19939,107.106,235.433,1084.25,Hard_water
244.5,21.7975,103.101,224.409,1145.67,Hard_water
244.8,11.3988,98.4505,211.024,1129.13,Hard_water
245,32.1963,94.7212,203.937,1138.58,Hard_water
245.3,11.3988,88.5519,201.575,1133.86,Hard_water
245.5,16.5982,81.5998,198.425,1117.32,Hard_water
245.8,1,70.6883,188.976,1122.05,Hard_water
246,32.1963,63.6441,181.89,1105.51,Hard_water
246.3,21.7975,60.1911,174.016,1088.98,Hard_water
246.5,63.3926,57.797,145.95,847.744,Hard_water
246.8,73.7914,54.8044,121.506,1155.12,Hard_water
247,21.7975,53.239,110.497,1117.32,Hard_water
247.3,11.3988,48.4509,102.582,1117.32,Hard_water
247.5,21.7975,44.2842,102.648,1072.44,Hard_water
247.8,42.5951,40.578,107.969,1117.32,Hard_water
248,68.592,37.6314,112.493,1171.65,Hard_water
248.3,21.7975,36.3883,115.22,1171.65,Hard_water
248.5,42.5951,36.6185,108.169,1166.93,Hard_water
248.8,52.9939,38.276,97.3933,1117.32,Hard_water
249,21.7975,41.6829,92.8702,1188.19,Hard_water
249.3,21.7975,49.0954,90.6752,1162.2,Hard_water
249.5,1,59.4545,92.0055,1129.13,Hard_water
249.8,42.5951,68.6165,106.174,1105.51,Hard_water
250,42.5951,71.2408,129.454,1060.63,Hard_water
250.3,32.1963,74.1413,157.192,958.923,Hard_water
250.5,32.1963,75.6606,169.763,945.026,Hard_water
250.8,42.5951,74.3254,182.368,1073.58,Hard_water
251,1,76.5814,196.935,1077.05,Hard_water
251.3,21.7975,75.6146,195.239,1278.56,Hard_water
251.5,32.1963,77.9626,183.599,1122.05,Hard_water
251.8,11.3988,78.7913,165.905,1117.32,Hard_water
252,11.3988,77.5483,147.946,1112.6,Hard_water
252.3,11.3988,71.7011,142.225,1088.98,Hard_water
252.5,11.3988,66.4986,133.246,1368.9,Hard_water
252.8,21.7975,59.8458,132.581,1007.56,Hard_water
253,52.9939,54.5512,133.113,1028.41,Hard_water
253.3,11.3988,51.1672,120.275,792.154,Hard_water
253.5,52.9939,50.0623,100.453,861.641,Hard_water
253.8,21.7975,48.1056,81.762,875.538,Hard_water
254,32.1963,45.5733,65.0664,1209.08,Hard_water
254.3,1,46.9776,51.5635,1022.83,Hard_water
254.5,11.3988,42.2354,47.1734,889.436,Hard_water
254.8,21.7975,31.5081,49.5015,979.769,Hard_water
255,11.3988,26.2134,52.8273,799.103,Hard_water
255.3,21.7975,22.8986,52.7608,701.82,Dry
255.5,32.1963,21.0109,52.8273,639.282,Dry
255.8,11.3988,19.4916,52.3617,722.667,Dry
256,11.3988,18.6629,49.9006,701.82,Dry
256.3,11.3988,17.8111,47.7056,611.487,Dry
256.5,1,17.1896,46.1092,653.18,Dry
256.8,1,16.499,45.2445,771.308,Dry
257,11.3988,15.8084,44.5128,687.923,Dry
257.3,11.3988,15.44,43.8476,687.923,Dry
257.5,1,15.2559,42.5838,715.718,Dry
257.8,11.3988,15.0487,40.7879,750.462,Dry
258,21.7975,15.2559,39.125,840.795,Dry
258.3,1,15.7163,36.8634,701.82,Dry
258.5,32.1963,16.0386,35.0675,715.718,Dry
258.8,11.3988,16.499,34.0032,694.872,Dry
259,21.7975,16.499,33.8036,951.974,Dry
259.3,1,16.8212,33.6706,1056.21,Dry
259.5,11.3988,16.9594,33.5376,799.103,Dry
259.8,1,16.9594,33.6041,806.051,Dry
260,11.3988,16.7752,33.6706,816.474,Dry
260.3,11.3988,16.6601,33.6706,882.487,Dry
260.5,11.3988,16.499,34.0697,764.359,Dry
260.8,1,16.4069,34.103,660.128,Dry
261,11.3988,16.3148,34.1362,736.564,Dry
261.3,21.7975,16.1767,34.2027,757.41,Dry
261.5,21.7975,16.1767,33.9367,785.205,Dry
261.8,11.3988,16.2688,33.6706,694.872,Dry
262,11.3988,16.499,33.0054,757.41,Dry
262.3,1,16.6831,32.4068,746.987,Dry
262.5,1,16.6831,32.1407,687.923,Dry
262.8,1,16.9363,32.0077,785.205,Dry
263,11.3988,17.0284,31.8082,771.308,Dry
263.3,21.7975,17.0514,31.143,792.154,Dry
263.5,11.3988,17.0514,30.9767,701.82,Dry
263.8,1,16.9133,30.8769,771.308,Dry
264,21.7975,16.6371,31.276,712.244,Dry
264.3,21.7975,16.3839,31.276,785.205,Dry
264.5,21.7975,16.0386,31.3425,771.308,Dry
264.8,1,15.8544,31.6086,555.897,Dry
265,6.19939,15.7623,31.5421,740.038,Dry
265.3,1,15.7623,31.2095,653.18,Dry
265.5,1,16.1767,30.7439,653.18,Dry
265.8,11.3988,16.1767,30.4778,806.051,Dry
266,11.3988,16.1076,30.2783,660.128,Dry
266.3,1,16.1306,30.4113,764.359,Dry
266.5,21.7975,16.1767,30.0787,875.538,Dry
266.8,1,15.9925,30.0787,865.115,Dry
267,11.3988,15.9925,29.8459,712.244,Dry
267.3,1,16.0846,29.347,722.667,Dry
267.5,21.7975,16.0386,28.8814,757.41,Dry
267.8,32.1963,16.2688,28.2828,757.41,Dry
268,1,16.3148,27.8837,708.769,Dry
268.3,21.7975,16.1306,27.5511,719.192,Dry
268.5,1,15.6702,27.6841,729.615,Dry
268.8,21.7975,14.8415,28.2163,750.462,Dry
269,11.3988,14.289,28.5488,722.667,Dry
269.3,11.3988,14.0588,28.8814,840.795,Dry
269.5,1,14.6113,28.316,632.333,Dry
269.8,1,15.3019,27.4846,722.667,Dry
270,32.1963,15.9925,27.152,715.718,Dry
270.3,1,16.4069,26.4868,778.256,Dry
270.5,1,16.8673,26.6199,597.59,Dry
270.8,21.7975,16.545,27.0855,830.372,Dry
271,1,15.9465,27.5844,736.564,Dry
271.3,11.3988,15.6242,28.2163,826.897,Dry
271.5,11.3988,15.0027,28.2163,660.128,Dry
271.8,11.3988,15.2559,28.2828,625.385,Dry
272,11.3988,15.1638,28.4823,569.795,Dry
272.3,11.3988,14.5653,28.2495,746.987,Dry
272.5,11.3988,14.289,29.6131,677.5,Dry
272.8,1,14.0128,29.6131,729.615,Dry
273,32.1963,14.1279,31.5421,674.026,Dry
273.3,11.3988,14.5653,28.8814,715.718,Dry
273.5,11.3988,15.2559,27.9502,806.051,Dry
273.8,21.7975,15.9925,27.4846,851.218,Dry
274,1,16.8212,26.9192,736.564,Dry
274.3,1,17.1896,27.6176,771.308,Dry
274.5,1,16.7752,28.4158,875.538,Dry
274.8,11.3988,16.2227,29.4801,757.41,Dry
275,11.3988,15.6702,29.9789,806.051,Dry
275.3,1,15.8544,30.0122,667.077,Dry
275.5,11.3988,16.0846,29.8792,715.718,Dry
275.8,1,16.4069,29.6131,757.41,Dry
276,42.5951,16.7292,29.1475,646.231,Dry
276.3,1,16.8673,29.0477,771.308,Dry
276.5,21.7975,16.8212,29.347,750.462,Dry
276.8,1,16.7292,29.7461,771.308,Dry
277,1,16.6371,29.5466,833.846,Dry
277.3,11.3988,16.4529,29.4136,722.667,Dry
277.5,11.3988,16.1767,29.214,819.949,Dry
277.8,11.3988,15.8084,29.0477,792.154,Dry
278,11.3988,15.5782,29.081,684.449,Dry
278.3,21.7975,15.1178,29.081,771.308,Dry
278.5,1,14.8645,29.4801,799.103,Dry
278.8,21.7975,14.6113,29.6131,764.359,Dry
279,16.5982,14.3811,29.2473,819.949,Dry
279.3,1,14.7034,28.2828,701.82,Dry
279.5,1,14.8415,27.4181,740.038,Dry
279.8,1,15.0717,26.6199,667.077,Dry
280,1,15.1178,25.8882,701.82,Dry
280.3,1,15.1638,25.5556,639.282,Dry
280.5,1,14.7494,25.7219,712.244,Dry
280.8,1,14.4272,26.0877,781.731,Dry
281,11.3988,14.1509,26.0877,618.436,Dry
281.3,1,13.8286,26.0212,687.923,Dry
281.5,21.7975,13.6905,26.1543,639.282,Dry
281.8,1,13.5984,25.7884,608.013,Dry
282,1,13.5064,25.4891,708.769,Dry
282.3,1,13.4603,25.3561,736.564,Dry
282.5,1,13.4603,25.3561,660.128,Dry
282.8,1,13.4603,24.957,840.795,Dry
283,11.3988,13.5524,24.7574,715.718,Dry
283.3,1,13.4603,24.6909,847.744,Dry
283.5,1,13.3222,24.7574,729.615,Dry
283.8,11.3988,13.3222,24.5579,687.923,Dry
284,11.3988,13.138,24.4913,715.718,Dry
284.3,6.19939,13.2761,24.3583,819.949,Dry
284.5,1,13.138,24.4248,813,Dry
284.8,1,13.138,24.0922,639.282,Dry
285,42.5951,12.9999,24.1588,667.077,Dry
285.3,1,13.069,24.4248,694.872,Dry
285.5,1,13.138,24.2253,680.974,Dry
285.8,1,13.2301,23.8262,753.936,Dry
286,11.3988,13.5064,23.6599,840.795,Dry
286.3,11.3988,13.6675,23.4271,757.41,Dry
286.5,11.3988,13.8517,23.028,771.308,Dry
286.8,32.1963,13.9207,22.8284,632.333,Dry
287,6.19939,13.9207,23.2275,708.769,Dry
287.3,1,13.7366,23.2275,771.308,Dry
287.5,11.3988,13.7826,23.2941,778.256,Dry
287.8,1,13.7135,23.4936,729.615,Dry
288,1,13.6905,23.3606,743.513,Dry
288.3,11.3988,13.9207,23.0945,632.333,Dry
288.5,11.3988,14.0128,22.9615,694.872,Dry
288.8,11.3988,14.1509,22.8284,806.051,Dry
289,1,14.289,22.6954,701.82,Dry
289.3,21.7975,14.3351,22.5624,701.82,Dry
289.5,1,14.3811,22.4293,715.718,Dry
289.8,16.5982,14.3351,22.5624,674.026,Dry
290,11.3988,14.289,22.3628,736.564,Dry
290.3,11.3988,14.1509,22.3628,806.051,Dry
290.5,32.1963,14.0128,22.0968,868.59,Dry
290.8,6.19939,13.8747,22.0968,833.846,Dry
291,1,13.8747,21.5646,743.513,Dry
291.3,11.3988,13.6905,21.2653,826.897,Dry
291.5,1,13.4603,20.966,854.692,Dry
291.8,1,13.138,21.1655,729.615,Dry
292,1,12.5855,21.0325,646.231,Dry
292.3,11.3988,11.8949,21.6977,729.615,Dry
292.5,26.9969,11.3425,22.0968,674.026,Dry
292.8,21.7975,11.1583,21.9637,597.59,Dry
293,21.7975,11.3425,21.6311,757.41,Dry
293.3,11.3988,11.7568,21.1655,757.41,Dry
293.5,42.5951,11.987,20.5669,757.41,Dry
293.8,1,12.3553,20.5004,667.077,Dry
294,1,12.4014,20.3008,847.744,Dry
294.3,42.5951,12.5395,20.2343,611.487,Dry
294.5,21.7975,12.5395,20.8329,715.718,Dry
294.8,1,12.5855,20.7664,743.513,Dry
295,11.3988,12.4474,20.8329,840.795,Dry
295.3,1,12.3553,21.1655,861.641,Dry
295.5,1,12.0791,21.1655,757.41,Dry
295.8,1,11.987,21.2986,854.692,Dry
296,1,12.0791,21.2986,806.051,Dry
296.3,11.3988,11.5266,21.3651,674.026,Dry
296.5,1,12.1712,21.1655,833.846,Dry
296.8,32.1963,12.0791,21.1655,708.769,Dry
297,1,12.2633,21.4316,813,Dry
297.3,11.3988,12.1942,21.8972,722.667,Dry
297.5,1,12.2633,21.7642,757.41,Dry
297.8,11.3988,12.4014,21.8307,708.769,Dry
298,1,12.4014,21.7642,826.897,Dry
298.3,21.7975,12.8618,21.8972,771.308,Dry
298.5,11.3988,12.8157,22.0302,847.744,Dry
298.8,21.7975,12.9539,21.8307,778.256,Dry
299,21.7975,13.1841,21.7642,945.026,Dry
299.3,11.3988,13.138,21.6311,819.949,Dry
299.5,21.7975,13.2301,21.5646,799.103,Dry
299.8,1,13.0459,21.6311,764.359,Dry
300,21.7975,12.9078,21.8972,708.769,Dry
300.3,21.7975,12.7697,22.2963,701.82,Dry
300.5,6.19939,12.7237,22.0968,722.667,Dry
300.8,11.3988,12.6316,22.263,743.513,Dry
301,11.3988,12.6776,22.13,677.5,Dry
301.3,1,12.4935,22.0302,757.41,Dry
301.5,11.3988,12.5395,21.9637,653.18,Dry
301.8,16.5982,12.5395,22.0302,799.103,Dry
302,11.3988,12.6316,21.6977,722.667,Dry
302.3,21.7975,12.4474,21.8639,813,Dry
302.5,1,12.4935,21.7642,764.359,Dry
302.8,11.3988,12.2863,21.9637,819.949,Dry
303,1,12.2172,22.2963,729.615,Dry
303.3,6.19939,12.2633,22.2298,819.949,Dry
303.5,11.3988,12.2633,22.1633,819.949,Dry
303.8,11.3988,12.2172,22.6954,882.487,Dry
304,1,12.4014,21.6311,917.231,Dry
304.3,21.7975,12.7237,20.5669,854.692,Dry
304.5,32.1963,12.9539,19.4361,535.051,Dry
304.8,42.5951,13.2301,18.6046,542,Dry
305,32.1963,14.197,18.4716,576.744,Dry
305.3,32.1963,13.6905,18.6379,722.667,Dry
305.5,42.5951,13.0459,19.8352,833.846,Dry
305.8,11.3988,12.6316,21.099,639.282,Dry
306,6.19939,12.4474,20.8995,618.436,Dry
306.3,11.3988,12.4014,21.1988,746.987,Dry
306.5,11.3988,12.2633,20.966,621.91,Dry
306.8,1,12.1712,20.5669,611.487,Dry
307,11.3988,11.8949,20.6334,708.769,Dry
307.3,21.7975,11.5727,20.966,687.923,Dry
307.5,11.3988,11.6647,20.7664,687.923,Dry
307.8,84.1902,11.7568,20.3673,639.282,Dry
308,42.5951,11.8489,20.0347,646.231,Dry
308.3,32.1963,12.0791,19.9017,771.308,Dry
308.5,21.7975,12.0791,19.6356,771.308,Dry
308.8,21.7975,12.1251,19.7022,826.897,Dry
309,1,11.8029,19.935,799.103,Dry
309.3,1,11.6647,19.9017,653.18,Dry
309.5,11.3988,11.6187,20.0347,833.846,Dry
309.8,11.3988,11.5266,20.0347,646.231,Dry
310,16.5982,11.4806,20.1678,743.513,Dry
310.3,1,11.5727,19.5691,653.18,Dry
310.5,32.1963,11.4806,19.4694,767.833,Dry
310.8,21.7975,11.5727,19.3696,722.667,Dry
311,11.3988,11.7108,19.5026,750.462,Dry
311.3,21.7975,11.8029,19.5026,729.615,Dry
311.5,11.3988,11.8029,19.5691,778.256,Dry
311.8,11.3988,11.8489,19.7687,746.987,Dry
312,21.7975,11.8489,19.935,771.308,Dry
312.3,1,12.0791,19.7687,722.667,Dry
312.5,11.3988,12.2402,19.5026,542,Dry
312.8,11.3988,12.4014,19.6356,687.923,Dry
313,1,12.4935,19.5691,743.513,Dry
313.3,21.7975,12.5395,19.4028,771.308,Dry
313.5,21.7975,12.6776,19.5359,542,Dry
313.8,11.3988,12.4704,19.5691,722.667,Dry
314,42.5951,12.5855,19.4361,778.256,Dry
314.3,6.19939,12.3553,19.6356,715.718,Dry
314.5,21.7975,12.3093,19.8352,660.128,Dry
314.8,32.1963,12.3093,19.7022,750.462,Dry
315,1,12.2633,19.4028,715.718,Dry
315.3,1,12.2633,19.4361,722.667,Dry
315.5,1,12.2172,19.6356,799.103,Dry
315.8,11.3988,11.941,19.5359,785.205,Dry
316,32.1963,11.7568,19.8019,708.769,Dry
316.3,11.3988,11.4345,20.0347,833.846,Dry
316.5,11.3988,11.2504,20.2343,729.615,Dry
316.8,1,11.3885,20.3008,722.667,Dry
317,1,11.4806,20.0347,562.846,Dry
317.3,11.3988,11.8949,19.6689,736.564,Dry
317.5,21.7975,12.2633,19.5691,719.192,Dry
317.8,11.3988,12.6316,19.3031,632.333,Dry
318,1,12.9539,18.9705,729.615,Dry
318.3,11.3988,13.3682,19.1035,687.923,Dry
318.5,21.7975,13.5524,19.0037,896.385,Dry
318.8,1,13.7826,18.7709,736.564,Dry
319,11.3988,13.7366,18.6379,819.949,Dry
319.3,11.3988,13.115,18.7709,875.538,Dry
319.5,32.1963,12.9078,19.4361,611.487,Dry
319.8,32.1963,12.0791,19.9017,750.462,Dry
320,11.3988,11.7568,20.4338,799.103,Dry
320.3,1,11.4806,20.5004,667.077,Dry
320.5,21.7975,11.5727,20.1678,750.462,Dry
320.8,1,11.987,19.5691,764.359,Dry
321,11.3988,12.5395,19.1035,708.769,Dry
321.3,21.7975,12.8157,18.7044,576.744,Dry
321.5,32.1963,12.6776,18.8707,757.41,Dry
321.8,11.3988,12.4474,19.6356,674.026,Dry
322,11.3988,11.987,20.0347,715.718,Dry
322.3,11.3988,12.0791,20.1013,611.487,Dry
322.5,1,12.2172,19.9017,680.974,Dry
322.8,1,12.5395,19.6356,757.41,Dry
323,1,12.7237,19.4028,698.346,Dry
323.3,32.1963,12.9078,19.2365,722.667,Dry
323.5,1,12.9999,19.037,722.667,Dry
323.8,21.7975,13.0459,19.17,701.82,Dry
324,6.19939,13.138,18.9705,799.103,Dry
324.3,11.3988,13.092,18.8374,757.41,Dry
324.5,21.7975,12.6776,19.1035,792.154,Dry
324.8,11.3988,12.1712,19.3031,819.949,Dry
325,11.3988,11.5957,19.8352,694.872,Dry
325.3,11.3988,11.2043,20.3008,750.462,Dry
325.5,11.3988,11.1583,20.2343,625.385,Dry
325.8,1,11.2504,19.9017,660.128,Dry
326,1,11.2504,19.3031,809.526,Dry
326.3,63.3926,11.6187,18.8374,708.769,Dry
326.5,1,11.987,18.5049,653.18,Dry
326.8,11.3988,11.941,18.3053,632.333,Dry
327,1,12.3093,18.2388,660.128,Dry
327.3,1,12.2172,18.3386,778.256,Dry
327.5,1,12.4474,18.5714,701.82,Dry
327.8,11.3988,12.3323,18.8374,806.051,Dry
328,1,12.1712,18.7044,771.308,Dry
328.3,6.19939,12.0331,19.17,771.308,Dry
328.5,1,11.8489,19.3031,868.59,Dry
328.8,11.3988,11.7108,19.2365,903.333,Dry
329,11.3988,11.8949,18.8374,764.359,Dry
329.3,11.3988,11.8719,18.8374,910.282,Dry
329.5,32.1963,12.0791,18.5049,931.128,Dry
329.8,11.3988,12.2633,18.4384,722.667,Dry
330,21.7975,11.941,18.7044,694.872,Dry
330.3,11.3988,11.987,19.0703,576.744,Dry
330.5,21.7975,11.7568,19.4361,736.564,Dry
330.8,21.7975,11.6878,19.5026,687.923,Dry
331,11.3988,11.8949,19.3696,931.128,Dry
331.3,6.19939,11.987,19.037,840.795,Dry
331.5,1,12.3553,18.8374,896.385,Dry
331.8,11.3988,12.5855,18.7377,750.462,Dry
332,1,12.9078,18.7709,757.41,Dry
332.3,1,12.8157,18.7709,785.205,Dry
332.5,11.3988,12.9078,18.8374,729.615,Dry
332.8,1,12.8618,18.904,792.154,Dry
333,11.3988,12.9999,18.904,698.346,Dry
333.3,1,13.138,18.7709,785.205,Dry
333.5,11.3988,12.9308,18.9705,750.462,Dry
333.8,1,12.8157,18.8374,660.128,Dry
334,21.7975,12.4014,18.7044,701.82,Dry
334.3,11.3988,12.4014,18.7044,694.872,Dry
334.5,21.7975,12.2172,18.6379,569.795,Dry
334.8,21.7975,12.2172,18.4384,694.872,Dry
335,21.7975,12.5625,18.2388,715.718,Dry
335.3,21.7975,12.6776,18.3053,833.846,Dry
335.5,11.3988,12.6316,18.4384,722.667,Dry
335.8,1,12.4935,18.4384,785.205,Dry
336,1,12.4474,18.4716,823.423,Dry
336.3,16.5982,12.1251,18.5714,743.513,Dry
336.5,21.7975,11.8949,18.4384,868.59,Dry
336.8,11.3988,11.8719,18.4384,868.59,Dry
337,1,11.987,18.4384,743.513,Dry
337.3,11.3988,11.8949,18.3053,687.923,Dry
337.5,1,11.6647,18.2388,840.795,Dry
337.8,21.7975,11.6647,18.3718,726.141,Dry
338,11.3988,11.7108,18.3053,819.949,Dry
338.3,11.3988,11.8029,17.9062,868.59,Dry
338.5,21.7975,12.0791,17.9062,604.538,Dry
338.8,1,12.1251,17.6402,771.308,Dry
339,1,11.8949,17.7067,806.051,Dry
339.3,1,11.7108,17.873,785.205,Dry
339.5,1,11.4115,18.0393,694.872,Dry
339.8,1,11.2504,18.2388,833.846,Dry
340,1,11.2964,17.8397,764.359,Dry
340.3,21.7975,11.7108,17.5071,806.051,Dry
340.5,6.19939,11.6187,17.3741,910.282,Dry
340.8,1,11.3885,17.6069,854.692,Dry
341,1,11.3885,17.7732,826.897,Dry
341.3,1,11.2734,17.5736,743.513,Dry
341.5,11.3988,11.5266,17.6402,799.103,Dry
341.8,1,11.7108,17.3741,840.795,Dry
342,11.3988,11.987,17.3076,896.385,Dry
342.3,1,11.8949,17.2411,889.436,Dry
342.5,21.7975,11.8949,17.1745,701.82,Dry
342.8,1,11.7798,17.3076,625.385,Dry
343,42.5951,11.7568,17.5736,757.41,Dry
343.3,1,11.6647,17.2411,618.436,Dry
343.5,1,11.5266,16.9085,736.564,Dry
343.8,1,11.3885,16.7089,667.077,Dry
344,1,11.3885,16.842,701.82,Dry
344.3,1,11.2504,16.975,646.231,Dry
344.5,1,10.836,16.842,639.282,Dry
344.8,1,10.6519,16.7754,639.282,Dry
345,32.1963,10.6519,16.975,719.192,Dry
345.3,1,11.0202,16.6424,715.718,Dry
345.5,1,11.2734,16.3098,632.333,Dry
345.8,1,11.3885,16.1103,618.436,Dry
346,11.3988,11.3425,16.3098,722.667,Dry
346.3,1,11.3425,16.4429,743.513,Dry
346.5,11.3988,11.3425,16.4761,583.692,Dry
346.8,1,11.3425,16.3098,660.128,Dry
347,1,11.3425,16.1768,757.41,Dry
347.3,1,11.4345,16.1103,889.436,Dry
347.5,1,11.4345,15.8442,764.359,Dry
347.8,1,11.3885,16.1103,882.487,Dry
348,11.3988,11.1123,16.5094,851.218,Dry
348.3,1,10.79,16.7089,896.385,Dry
348.5,21.7975,10.767,16.7754,722.667,Dry
348.8,32.1963,10.9051,16.842,833.846,Dry
349,11.3988,11.2504,17.0415,847.744,Dry
349.3,11.3988,11.7568,16.4429,826.897,Dry
349.5,16.5982,12.0331,15.7777,826.897,Dry
349.8,11.3988,12.3784,15.8775,785.205,Dry
350,11.3988,11.8949,16.1103,806.051,Dry
350.3,11.3988,11.4806,16.3098,646.231,Dry
350.5,1,11.0662,16.842,764.359,Dry
350.8,1,10.8821,16.975,680.974,Dry
351,11.3988,11.1583,17.0748,792.154,Dry
351.3,1,11.5727,16.3431,746.987,Dry
351.5,21.7975,12.3093,15.7112,639.282,Dry
351.8,11.3988,12.2633,15.6447,826.897,Dry
352,1,12.0331,15.7777,701.82,Dry
352.3,11.3988,11.5266,16.1768,528.103,Dry
352.5,21.7975,11.0202,16.7089,670.551,Dry
352.8,11.3988,10.7439,17.2078,576.744,Dry
353,1,10.6979,17.3076,632.333,Dry
353.3,21.7975,10.7209,16.1768,576.744,Dry
353.5,21.7975,11.1123,15.046,729.615,Dry
353.8,42.5951,11.2504,14.5804,646.231,Dry
354,42.5951,10.6519,14.3476,590.641,Dry
354.3,11.3988,11.2504,14.2811,601.064,Dry
354.5,1,11.6417,14.7799,729.615,Dry
354.8,1,11.4576,15.7777,708.769,Dry
355,42.5951,11.2964,17.4406,667.077,Dry
355.3,21.7975,11.5266,17.7067,653.18,Dry
355.5,11.3988,11.8489,17.2411,771.308,Dry
355.8,1,12.5855,16.9417,611.487,Dry
356,32.1963,13.1841,16.3098,788.68,Dry
356.3,63.3926,13.4143,15.9772,750.462,Dry
356.5,21.7975,13.3222,15.6447,535.051,Dry
356.8,63.3926,12.9999,15.5116,548.949,Dry
357,37.3957,12.2172,15.5116,576.744,Dry
357.3,63.3926,11.7798,15.7777,597.59,Dry
357.5,32.1963,11.2043,15.6447,597.59,Dry
357.8,42.5951,10.9741,15.7112,510.731,Dry
358,1,10.9741,15.8442,694.872,Dry
358.3,37.3957,10.5598,16.0438,548.949,Dry
358.5,42.5951,10.5598,15.9107,736.564,Dry
358.8,11.3988,10.6519,15.179,535.051,Dry
359,63.3926,10.4677,14.4474,625.385,Dry
359.3,52.9939,10.5137,14.5139,625.385,Dry
359.5,42.5951,10.1915,14.5804,555.897,Dry
359.8,42.5951,10.0994,14.2478,611.487,Dry
360,32.1963,10.3526,14.6137,521.154,Dry
360.3,11.3988,10.1915,14.8465,639.282,Dry
360.5,1,10.0073,14.9795,580.218,Dry
360.8,1,10.2375,14.6469,576.744,Dry
361,21.7975,10.0994,14.4806,663.603,Dry
361.3,21.7975,10.4447,14.5139,555.897,Dry
361.5,21.7975,10.2375,14.1813,555.897,Dry
361.8,42.5951,10.6058,14.3143,566.32,Dry
362,52.9939,10.0073,14.5471,625.385,Dry
362.3,32.1963,10.0994,14.7134,500.308,Dry
362.5,32.1963,9.98428,14.1148,583.692,Dry
362.8,32.1963,10.5137,13.9152,653.18,Dry
363,32.1963,10.1915,14.0483,646.231,Dry
363.3,11.3988,10.0994,14.0483,555.897,Dry
363.5,32.1963,10.79,13.6492,576.744,Dry
363.8,32.1963,10.5368,13.5827,625.385,Dry
364,32.1963,10.6058,13.7157,555.897,Dry
364.3,47.7945,10.6979,13.4496,632.333,Dry
364.5,104.988,10.6519,12.4519,757.41,Dry
364.8,52.9939,10.4217,11.2546,583.692,Dry
365,63.3926,9.86918,10.3233,729.615,Dry
365.3,52.9939,8.11965,9.39212,569.795,Dry
365.5,73.7914,6.60032,8.46089,437.769,Dry
365.8,73.7914,5.67952,7.92876,375.231,Dry
366,42.5951,5.21912,7.13056,406.5,Dry
366.3,63.3926,4.89684,6.93101,528.103,Dry
366.5,47.7945,4.71267,6.83124,413.449,Dry
366.8,84.1902,5.03496,6.86449,368.282,Dry
367,68.592,5.081,6.93101,340.487,Dry
367.3,73.7914,5.97878,6.73146,496.833,Dry
367.5,11.3988,8.16569,6.73146,521.154,Dry
367.8,21.7975,10.8821,6.76472,542,Dry
368,63.3926,10.2375,7.19708,562.846,Dry
368.3,84.1902,9.91522,7.86224,548.949,Dry
368.5,52.9939,8.58005,8.32786,444.718,Dry
368.8,42.5951,6.96864,8.85999,340.487,Dry
369,73.7914,6.37012,8.9265,347.436,Dry
369.3,52.9939,6.32408,8.79347,451.667,Dry
369.5,21.7975,6.232,8.59392,326.59,Dry
369.8,94.589,5.63348,8.59392,403.026,Dry
370,104.988,5.72556,8.82673,399.551,Dry
370.3,63.3926,6.232,8.9265,500.308,Dry
370.5,63.3926,6.4622,8.79347,382.179,Dry
370.8,125.785,6.37012,8.59392,375.231,Dry
371,52.9939,6.32408,8.85999,521.154,Dry
371.3,52.9939,5.93274,8.39437,437.769,Dry
371.5,52.9939,6.232,8.59392,340.487,Dry
371.8,42.5951,6.04784,8.79347,347.436,Dry
372,32.1963,6.37012,9.19257,444.718,Dry
372.3,26.9969,6.83052,9.45863,389.128,Dry
372.5,73.7914,8.02757,8.85999,472.513,Dry
372.8,63.3926,10.0994,8.12831,583.692,Dry
373,42.5951,13.9668,7.99527,958.923,Dry
373.3,21.7975,15.6242,8.19482,764.359,Dry
373.5,84.1902,12.7006,8.5274,507.256,Dry
373.8,52.9939,10.4677,10.0573,416.923,Dry
374,89.3896,9.33971,11.5206,378.705,Dry
374.3,73.7914,8.94837,12.2523,479.462,Dry
374.5,146.583,8.99441,12.0528,396.077,Dry
374.8,73.7914,9.17857,11.5872,423.872,Dry
375,89.3896,9.96126,11.3211,555.897,Dry
375.3,125.785,9.7771,11.1215,500.308,Dry
375.5,63.3926,9.96126,11.1215,472.513,Dry
375.8,94.589,9.63898,10.7557,514.205,Dry
376,84.1902,9.50085,10.789,430.821,Dry
376.3,73.7914,9.13253,11.0218,521.154,Dry
376.5,104.988,8.62609,11.5206,528.103,Dry
376.8,63.3926,8.85629,11.7867,396.077,Dry
377,104.988,9.17857,12.1193,507.256,Dry
377.3,52.9939,9.04045,12.0528,416.923,Dry
377.5,63.3926,8.85629,12.0528,347.436,Dry
377.8,84.1902,9.31669,11.6537,382.179,Dry
378,94.589,8.55703,11.4541,361.333,Dry
378.3,63.3926,8.39589,11.7202,465.564,Dry
378.5,42.5951,8.39589,11.9863,444.718,Dry
378.8,63.3926,8.44193,12.5849,354.385,Dry
379,84.1902,8.67213,12.5849,375.231,Dry
379.3,42.5951,9.68501,12.0528,500.308,Dry
379.5,84.1902,11.8029,11.4541,472.513,Dry
379.8,1,15.8544,9.42538,740.038,Dry
380,21.7975,22.9906,8.9265,764.359,Dry
380.3,21.7975,21.8857,8.9265,712.244,Dry
380.5,52.9939,13.5524,10.9885,569.795,Dry
380.8,37.3957,10.4217,12.7179,403.026,Dry
381,21.7975,8.39589,13.6492,416.923,Dry
381.3,37.3957,8.11965,13.3166,389.128,Dry
381.5,115.387,8.90233,12.984,430.821,Dry
381.8,42.5951,9.63898,12.5849,576.744,Dry
382,11.3988,9.7771,11.9863,611.487,Dry
382.3,52.9939,11.4806,11.7202,785.205,Dry
382.5,1,12.1942,11.7867,649.705,Dry
382.8,42.5951,10.5598,12.0528,555.897,Dry
383,42.5951,8.94837,12.6514,500.308,Dry
383.3,63.3926,8.02757,12.6514,382.179,Dry
383.5,58.1933,7.47509,13.3166,472.513,Dry
383.8,32.1963,8.07361,13.7157,604.538,Dry
384,11.3988,10.0533,14.4474,562.846,Dry
384.3,42.5951,12.7006,15.6114,795.628,Dry
384.5,11.3988,13.9668,17.8397,778.256,Dry
384.8,11.3988,14.3351,20.1678,945.026,Dry
385,21.7975,14.4272,21.6311,993.667,Dry
385.3,21.7975,14.3811,21.7642,875.538,Dry
385.5,11.3988,14.1509,21.4316,840.795,Dry
385.8,1,13.5524,21.9637,889.436,Dry
386,21.7975,12.6776,22.0302,618.436,Dry
386.3,63.3926,12.4935,21.5646,389.128,Dry
386.5,52.9939,13.2071,20.9992,667.077,Dry
386.8,21.7975,14.3351,20.4338,882.487,Dry
387,26.9969,15.2559,20.8329,642.756,Dry
387.3,42.5951,15.0257,21.4316,597.59,Dry
387.5,11.3988,14.1049,22.1633,569.795,Dry
387.8,11.3988,13.5524,23.4271,618.436,Dry
388,68.592,12.9539,23.8927,667.077,Dry
388.3,52.9939,12.9308,24.1588,441.244,Dry
388.5,73.7914,12.9078,24.2918,611.487,Dry
388.8,16.5982,12.9078,23.3606,528.103,Dry
389,42.5951,13.5984,22.1633,604.538,Dry
389.3,21.7975,13.8747,21.1655,653.18,Dry
389.5,63.3926,13.6905,20.0347,479.462,Dry
389.8,21.7975,15.2098,19.4361,507.256,Dry
390,1,15.2329,17.2411,555.897,Dry
390.3,52.9939,15.9465,17.108,521.154,Dry
390.5,32.1963,15.0257,18.1058,528.103,Dry
390.8,104.988,14.289,19.1035,632.333,Dry
391,42.5951,15.2789,18.7044,496.833,Dry
391.3,84.1902,15.6702,15.4451,555.897,Dry
391.5,89.3896,16.7292,15.9772,535.051,Dry
391.8,52.9939,15.3019,16.1103,687.923,Dry
392,37.3957,16.3148,15.9772,590.641,Dry
392.3,32.1963,16.1997,15.9107,514.205,Dry
392.5,73.7914,14.8876,16.7089,521.154,Dry
392.8,73.7914,13.8056,18.6046,521.154,Dry
393,63.3926,12.9999,17.5736,472.513,Dry
393.3,42.5951,12.3093,16.6424,552.423,Dry
393.5,84.1902,11.7108,16.1768,451.667,Dry
393.8,58.1933,11.4345,16.1103,451.667,Dry
394,11.3988,11.5266,16.4429,625.385,Dry
394.3,32.1963,12.0791,16.7754,493.359,Dry
394.5,42.5951,12.2172,17.1745,674.026,Dry
394.8,42.5951,12.2633,17.7732,507.256,Dry
395,63.3926,11.8949,18.904,465.564,Dry
395.3,94.589,12.0331,19.2365,493.359,Dry
395.5,94.589,13.9207,19.7687,562.846,Dry
395.8,11.3988,14.6574,20.4338,597.59,Dry
396,37.3957,16.0846,21.1655,701.82,Dry
396.3,73.7914,17.1435,22.0302,632.333,Dry
396.5,115.387,17.9722,21.8972,611.487,Dry
396.8,104.988,17.9262,22.4626,771.308,Dry
397,21.7975,17.8802,22.4293,806.051,Dry
397.3,63.3926,17.2126,22.7619,823.423,Dry
397.5,32.1963,16.2688,23.161,806.051,Dry
397.8,21.7975,15.1638,23.3273,757.41,Dry
398,1,14.197,23.4936,660.128,Dry
398.3,6.19939,13.7366,23.3606,750.462,Dry
398.5,1,13.3682,23.2275,833.846,Dry
398.8,42.5951,13.3682,22.895,854.692,Dry
399,1,13.2301,22.3628,743.513,Dry
399.3,6.19939,13.2301,22.0302,590.641,Dry
399.5,11.3988,13.4603,21.6311,680.974,Dry
399.8,11.3988,13.7366,21.4981,694.872,Dry
400,21.7975,13.9207,21.3651,656.654,Dry
400.3,32.1963,13.6905,21.6311,660.128,Dry
400.5,1,13.7135,21.5979,660.128,Dry
400.8,21.7975,14.0128,21.4316,618.436,Dry
401,63.3926,14.8876,21.0325,743.513,Dry
401.3,84.1902,15.5091,20.8329,562.846,Dry
401.5,115.387,16.8212,20.5669,528.103,Dry
401.8,21.7975,17.3277,20.5004,604.538,Dry
402,21.7975,17.0514,21.099,639.282,Dry
402.3,42.5951,16.7982,21.3651,653.18,Dry
402.5,104.988,16.545,21.3651,555.897,Dry
402.8,120.586,17.0514,21.1655,535.051,Dry
403,42.5951,17.1435,21.2986,625.385,Dry
403.3,37.3957,16.499,20.7664,576.744,Dry
403.5,52.9939,15.8084,20.4338,792.154,Dry
403.8,26.9969,15.2559,20.3673,750.462,Dry
404,63.3926,14.0588,20.1678,701.82,Dry
404.3,32.1963,13.4143,20.0347,750.462,Dry
404.5,32.1963,12.6086,19.9017,701.82,Dry
404.8,1,11.987,19.9017,653.18,Dry
405,11.3988,11.4806,19.8685,663.603,Dry
405.3,1,11.4345,19.5026,680.974,Dry
405.5,1,11.5727,18.9705,639.282,Dry
405.8,1,11.8029,18.5714,736.564,Dry
406,6.19939,11.8949,18.5049,750.462,Dry
406.3,32.1963,11.987,18.3053,806.051,Dry
406.5,6.19939,11.987,18.4384,750.462,Dry
406.8,21.7975,12.0791,18.2055,590.641,Dry
407,1,12.3093,17.9727,785.205,Dry
407.3,16.5982,12.7697,17.8397,663.603,Dry
407.5,52.9939,12.9539,17.6402,694.872,Dry
407.8,26.9969,13.5524,17.4406,510.731,Dry
408,11.3988,13.4143,17.3741,715.718,Dry
408.3,1,13.3222,17.5736,597.59,Dry
408.5,32.1963,13.092,17.8397,771.308,Dry
408.8,11.3988,12.9999,17.7732,715.718,Dry
409,1,12.6776,17.6402,708.769,Dry
409.3,1,12.3553,17.7732,576.744,Dry
409.5,32.1963,12.3093,17.5071,635.808,Dry
409.8,1,12.7697,17.3741,653.18,Dry
410,21.7975,12.6316,17.1745,646.231,Dry
410.3,32.1963,12.5855,17.3741,708.769,Dry
410.5,21.7975,12.2633,17.6402,555.897,Dry
410.8,42.5951,12.01,17.8397,562.846,Dry
411,21.7975,11.941,17.9727,618.436,Dry
411.3,11.3988,11.6878,17.8397,646.231,Dry
411.5,21.7975,11.6187,17.8397,625.385,Dry
411.8,1,11.5957,17.8064,594.115,Dry
412,1,11.4806,17.4406,576.744,Dry
412.3,26.9969,11.6187,17.3076,569.795,Dry
412.5,11.3988,11.5266,17.1745,785.205,Dry
412.8,1,11.941,17.2411,611.487,Dry
413,32.1963,12.0331,17.3741,701.82,Dry
413.3,21.7975,11.8949,17.7732,674.026,Dry
413.5,1,11.8489,17.6402,632.333,Dry
413.8,1,11.8489,17.4406,694.872,Dry
414,11.3988,11.7568,17.1745,708.769,Dry
414.3,11.3988,11.7568,16.1768,854.692,Dry
414.5,21.7975,11.6187,15.944,851.218,Dry
414.8,1,11.0662,15.9107,750.462,Dry
415,16.5982,8.94837,15.7777,569.795,Dry
415.3,52.9939,8.71817,15.8442,475.987,Dry
415.5,52.9939,9.17857,15.5781,486.41,Dry
415.8,63.3926,10.767,15.7112,628.859,Dry
416,21.7975,11.4806,15.5781,646.231,Dry
416.3,11.3988,11.4576,16.1768,587.167,Dry
416.5,1,11.5727,17.0415,535.051,Dry
416.8,21.7975,11.6187,17.2411,632.333,Dry
417,1,11.7108,17.6402,743.513,Dry
417.3,21.7975,11.7108,17.6402,701.82,Dry
417.5,21.7975,11.8489,17.6402,694.872,Dry
417.8,1,11.987,17.7732,708.769,Dry
418,11.3988,12.0791,17.9727,656.654,Dry
418.3,11.3988,12.2172,18.1723,743.513,Dry
418.5,6.19939,12.2633,18.3386,719.192,Dry
418.8,1,12.4935,18.5049,743.513,Dry
419,11.3988,12.7006,18.6712,635.808,Dry
419.3,11.3988,13.0459,18.3053,715.718,Dry
419.5,6.19939,13.7366,17.7732,653.18,Dry
419.8,125.785,14.1049,17.5736,475.987,Dry
420,94.589,14.7955,17.108,500.308,Dry
420.3,63.3926,15.4631,17.2411,493.359,Dry
420.5,58.1933,15.348,17.9062,569.795,Dry
420.8,84.1902,14.8876,19.1035,760.885,Dry
421,1,14.289,20.1678,778.256,Dry
421.3,6.19939,13.5984,20.4338,694.872,Dry
421.5,11.3988,13.5984,20.3673,667.077,Dry
421.8,37.3957,14.289,20.1678,757.41,Dry
422,1,14.8415,19.5026,625.385,Dry
422.3,11.3988,15.2559,19.17,875.538,Dry
422.5,32.1963,14.6804,19.2365,993.667,Dry
422.8,1,14.4272,19.7022,715.718,Dry
423,42.5951,14.4502,19.8352,722.667,Dry
423.3,42.5951,14.0128,19.5691,743.513,Dry
423.5,42.5951,13.5524,19.4028,705.295,Dry
423.8,11.3988,13.3682,19.6356,840.795,Dry
424,21.7975,12.9999,19.5691,826.897,Dry
424.3,11.3988,12.9078,19.5691,632.333,Dry
424.5,21.7975,13.1841,18.7709,687.923,Dry
424.8,1,13.4373,17.8397,826.897,Dry
425,32.1963,14.0588,17.7732,792.154,Dry
425.3,32.1963,13.8747,17.3741,684.449,Dry
425.5,42.5951,13.3222,17.3741,660.128,Dry
425.8,32.1963,12.6546,17.7067,660.128,Dry
426,1,12.0331,18.2388,660.128,Dry
426.3,16.5982,11.8029,18.4384,708.769,Dry
426.5,32.1963,11.4806,18.4384,667.077,Dry
426.8,11.3988,11.5727,18.1058,639.282,Dry
427,21.7975,11.5727,18.0393,680.974,Dry
427.3,32.1963,11.4806,17.7067,632.333,Dry
427.5,11.3988,11.7338,17.5736,736.564,Dry
427.8,1,11.8489,17.4406,819.949,Dry
428,32.1963,12.0561,17.5736,837.32,Dry
428.3,11.3988,12.1712,17.4406,750.462,Dry
428.5,11.3988,12.4014,17.2411,660.128,Dry
428.8,11.3988,12.7237,17.1745,750.462,Dry
429,26.9969,12.4474,17.0748,743.513,Dry
429.3,21.7975,12.4704,17.1745,576.744,Dry
429.5,11.3988,12.4014,17.108,875.538,Dry
429.8,11.3988,12.2633,17.4073,785.205,Dry
430,1,12.3093,17.7732,639.282,Dry
430.3,21.7975,12.1712,17.7399,753.936,Dry
430.5,21.7975,12.0331,18.0393,674.026,Dry
430.8,21.7975,11.8489,18.1058,701.82,Dry
431,1,11.7568,18.1723,806.051,Dry
431.3,11.3988,11.7568,18.3053,646.231,Dry
431.5,32.1963,11.8489,18.0393,674.026,Dry
431.8,16.5982,11.8489,17.7732,792.154,Dry
432,21.7975,12.0791,17.4406,903.333,Dry
432.3,32.1963,12.3093,17.1745,806.051,Dry
432.5,11.3988,12.3093,17.2411,778.256,Dry
432.8,11.3988,12.0331,17.5736,660.128,Dry
433,11.3988,11.5957,18.1058,819.949,Dry
433.3,11.3988,11.3425,18.3053,743.513,Dry
433.5,1,11.4345,18.3386,611.487,Dry
433.8,32.1963,11.8489,18.1723,882.487,Dry
434,26.9969,12.4474,17.9062,757.41,Dry
434.3,11.3988,12.6316,17.4406,917.231,Dry
434.5,6.19939,12.6776,17.4406,875.538,Dry
434.8,11.3988,12.5165,17.5736,813,Dry
435,1,12.3553,17.9727,729.615,Dry
435.3,1,12.1712,18.3718,847.744,Dry
435.5,32.1963,11.941,18.1723,757.41,Dry
435.8,1,11.8949,18.1723,691.397,Dry
436,11.3988,11.8029,18.0393,653.18,Dry
436.3,11.3988,12.0791,18.0393,951.974,Dry
436.5,21.7975,12.2172,17.9727,840.795,Dry
436.8,11.3988,12.1251,18.1723,639.282,Dry
437,11.3988,11.8489,18.3053,757.41,Dry
437.3,21.7975,11.8489,18.2388,583.692,Dry
437.5,21.7975,11.8029,18.5049,792.154,Dry
437.8,32.1963,11.7568,18.4384,833.846,Dry
438,32.1963,11.8949,18.3386,733.09,Dry
438.3,21.7975,12.1712,18.3718,757.41,Dry
438.5,1,12.3323,18.5381,833.846,Dry
438.8,1,12.7697,18.3718,743.513,Dry
439,11.3988,13.1841,18.5714,882.487,Dry
439.3,21.7975,13.3222,18.5714,806.051,Dry
439.5,73.7914,13.7366,18.7709,646.231,Dry
439.8,21.7975,14.1739,18.8374,774.782,Dry
440,6.19939,14.4272,18.8374,687.923,Dry
440.3,1,14.6574,19.037,788.68,Dry
440.5,1,14.9336,19.3696,771.308,Dry
440.8,11.3988,15.3019,19.3696,819.949,Dry
441,1,15.1178,19.5026,792.154,Dry
441.3,6.19939,15.3019,19.3696,826.897,Dry
441.5,1,15.4861,19.3031,715.718,Dry
441.8,1,15.9465,19.4361,576.744,Dry
442,11.3988,15.394,19.7687,764.359,Dry
442.3,42.5951,15.394,20.2343,583.692,Dry
442.5,32.1963,15.4631,20.966,701.82,Dry
442.8,32.1963,15.3019,21.5646,632.333,Dry
443,63.3926,15.0257,22.2298,680.974,Dry
443.3,11.3988,15.0717,22.4293,674.026,Dry
443.5,1,15.0257,22.3961,656.654,Dry
443.8,21.7975,15.0257,22.6954,618.436,Dry
444,1,15.0717,22.7952,740.038,Dry
444.3,1,15.0717,22.6954,632.333,Dry
444.5,21.7975,15.1638,23.028,667.077,Dry
444.8,11.3988,15.0947,22.8284,861.641,Dry
445,16.5982,15.3019,22.895,715.718,Dry
445.3,21.7975,15.44,23.161,691.397,Dry
445.5,1,15.6702,23.028,819.949,Dry
445.8,11.3988,15.9004,23.0945,712.244,Dry
446,11.3988,15.9004,23.2275,701.82,Dry
446.3,1,15.8084,23.6931,722.667,Dry
446.5,21.7975,15.9004,24.2918,687.923,Dry
446.8,6.19939,15.8544,24.5579,660.128,Dry
447,32.1963,15.9004,24.6244,917.231,Dry
447.3,47.7945,16.2688,24.4248,722.667,Dry
447.5,11.3988,16.9133,23.8262,813,Dry
447.8,52.9939,17.696,23.4936,694.872,Dry
448,42.5951,17.8111,23.0945,792.154,Dry
448.3,32.1963,17.742,22.9615,694.872,Dry
448.5,1,17.3507,23.2275,687.923,Dry
448.8,21.7975,16.7752,23.4936,722.667,Dry
449,11.3988,16.2457,23.4603,785.205,Dry
449.3,1,15.9004,23.2275,736.564,Dry
449.5,16.5982,15.8544,22.8284,646.231,Dry
449.8,1,15.9465,22.6954,833.846,Dry
450,21.7975,16.0386,22.4626,708.769,Dry
450.3,1,15.7853,22.4293,597.59,Dry
450.5,11.3988,15.5321,22.3628,660.128,Dry
450.8,1,15.417,22.3961,694.872,Dry
451,1,15.2098,22.3628,778.256,Dry
451.3,32.1963,15.0947,22.3628,795.628,Dry
451.5,11.3988,14.7494,22.4959,618.436,Dry
451.8,1,14.6574,22.6289,590.641,Dry
452,42.5951,14.5192,23.0945,701.82,Dry
452.3,21.7975,14.5653,23.0945,653.18,Dry
452.5,11.3988,15.0257,21.9637,736.564,Dry
452.8,21.7975,15.8544,21.1655,778.256,Dry
453,32.1963,16.6371,20.8995,667.077,Dry
453.3,94.589,16.7292,20.7664,590.641,Dry
453.5,21.7975,16.1767,20.7664,715.718,Dry
453.8,1,15.1178,21.099,743.513,Dry
454,1,14.3581,21.7309,778.256,Dry
454.3,1,13.8747,21.8972,924.18,Dry
454.5,1,13.6445,21.3651,743.513,Dry
454.8,11.3988,13.4143,21.232,757.41,Dry
455,1,13.1841,21.0325,687.923,Dry
455.3,11.3988,12.8618,20.966,715.718,Dry
455.5,1,12.8618,21.0325,687.923,Dry
455.8,1,12.6316,20.5669,646.231,Dry
456,6.19939,12.7237,20.1678,868.59,Dry
456.3,11.3988,12.6316,20.1345,733.09,Dry
456.5,1,12.5855,19.8352,653.18,Dry
456.8,1,12.4704,19.8352,823.423,Dry
457,1,12.1712,19.7687,833.846,Dry
457.3,21.7975,11.987,20.068,729.615,Dry
457.5,1,11.8489,20.2343,701.82,Dry
457.8,6.19939,11.7568,20.2343,729.615,Dry
458,11.3988,11.8949,20.1678,569.795,Dry
458.3,1,12.2633,20.1013,806.051,Dry
458.5,11.3988,12.3553,20.1013,694.872,Dry
458.8,6.19939,12.5855,19.8352,611.487,Dry
459,11.3988,12.9308,19.6356,674.026,Dry
459.3,1,13.3222,19.7687,618.436,Dry
459.5,1,13.8517,19.9682,736.564,Dry
459.8,21.7975,14.4732,19.8352,757.41,Dry
460,1,14.6113,19.7687,684.449,Dry
460.3,21.7975,14.6574,20.3008,785.205,Dry
460.5,11.3988,14.7034,20.7997,590.641,Dry
460.8,21.7975,14.6113,20.8329,833.846,Dry
461,63.3926,14.6574,20.5669,708.769,Dry
461.3,42.5951,14.9796,20.8329,757.41,Dry
461.5,11.3988,14.9796,20.5669,680.974,Dry
461.8,32.1963,15.0257,20.3673,691.397,Dry
462,16.5982,14.7955,20.4338,854.692,Dry
462.3,11.3988,14.5423,20.5669,691.397,Dry
462.5,1,14.4272,21.099,701.82,Dry
462.8,11.3988,14.0588,21.3651,826.897,Dry
463,6.19939,13.8286,21.6977,701.82,Dry
463.3,11.3988,13.7826,21.6311,667.077,Dry
463.5,1,13.9668,21.4316,868.59,Dry
463.8,21.7975,13.9668,21.1655,729.615,Dry
464,21.7975,14.4272,20.4338,680.974,Dry
464.3,32.1963,14.6113,19.9682,562.846,Dry
464.5,84.1902,15.1638,19.9017,465.564,Dry
464.8,84.1902,14.7034,20.1013,514.205,Dry
465,63.3926,14.6574,20.966,729.615,Dry
465.3,21.7975,15.1638,21.6311,708.769,Dry
465.5,32.1963,15.1178,22.4293,677.5,Dry
465.8,11.3988,15.1638,23.6931,694.872,Dry
466,21.7975,15.1638,24.3583,740.038,Dry
466.3,21.7975,15.5321,24.8239,694.872,Dry
466.5,11.3988,16.0386,25.0235,625.385,Dry
466.8,6.19939,16.545,24.957,555.897,Dry
467,21.7975,17.1435,25.1565,667.077,Dry
467.3,21.7975,17.4658,25.8217,653.18,Dry
467.5,11.3988,18.1564,26.2208,694.872,Dry
467.8,47.7945,18.9851,26.8194,694.872,Dry
468,21.7975,19.6297,27.3516,653.18,Dry
468.3,52.9939,20.7347,27.8172,555.897,Dry
468.5,42.5951,21.5173,28.2163,639.282,Dry
468.8,47.7945,21.7936,28.6154,757.41,Dry
469,32.1963,22.0238,28.8814,583.692,Dry
469.3,21.7975,22.254,28.8149,712.244,Dry
469.5,73.7914,22.5302,28.8482,569.795,Dry
469.8,99.7883,22.6223,28.7484,590.641,Dry
470,68.592,22.4381,28.4823,680.974,Dry
470.3,63.3926,22.254,28.4823,646.231,Dry
470.5,32.1963,21.7706,28.5156,653.18,Dry
470.8,63.3926,21.2411,28.8149,646.231,Dry
471,42.5951,20.6886,28.6154,611.487,Dry
471.3,84.1902,20.4584,28.7484,552.423,Dry
471.5,42.5951,20.2743,29.1475,660.128,Dry
471.8,16.5982,19.952,29.1475,694.872,Dry
472,32.1963,19.3995,29.2805,750.462,Dry
472.3,1,19.3535,29.5466,569.795,Dry
472.5,52.9939,19.3074,30.0455,663.603,Dry
472.8,11.3988,19.952,30.1452,799.103,Dry
473,63.3926,20.2282,29.5466,750.462,Dry
473.3,32.1963,20.8267,29.1808,764.359,Dry
473.5,11.3988,20.9649,28.6819,687.923,Dry
473.8,42.5951,21.2411,27.4846,701.82,Dry
474,52.9939,21.1951,26.4868,757.41,Dry
474.3,73.7914,20.7347,26.1543,632.333,Dry
474.5,136.184,19.6297,26.8527,576.744,Dry
474.8,63.3926,18.0643,28.0167,680.974,Dry
475,52.9939,17.0054,28.4158,736.564,Dry
475.3,52.9939,16.4069,28.0167,649.705,Dry
475.5,63.3926,16.6831,27.3183,674.026,Dry
475.8,26.9969,17.0975,26.4868,771.308,Dry
476,1,17.8802,25.5556,854.692,Dry
476.3,11.3988,17.5579,25.4891,809.526,Dry
476.5,1,16.591,26.1543,660.128,Dry
476.8,32.1963,16.2227,26.8859,833.846,Dry
477,1,16.0846,27.152,632.333,Dry
477.3,21.7975,16.6371,26.9192,778.256,Dry
477.5,1,17.6269,26.0212,569.795,Dry
477.8,6.19939,18.6168,24.957,646.231,Dry
478,52.9939,19.2614,24.5579,548.949,Dry
478.3,52.9939,19.6297,24.3583,701.82,Dry
478.5,32.1963,19.0312,24.1255,590.641,Dry
478.8,1,18.1564,23.8927,576.744,Dry
479,37.3957,17.0054,24.2253,632.333,Dry
479.3,32.1963,16.0386,24.5911,635.808,Dry
479.5,52.9939,14.7494,24.6244,548.949,Dry
479.8,11.3988,14.197,24.7574,535.051,Dry
480,1,13.7826,24.6909,667.077,Dry
480.3,21.7975,13.5524,24.8904,614.962,Dry
480.5,11.3988,13.8747,24.6909,674.026,Dry
480.8,11.3988,14.3811,24.0922,569.795,Dry
481,1,15.1638,23.5601,715.718,Dry
481.3,1,15.9004,23.6931,680.974,Dry
481.5,11.3988,16.2688,23.9592,753.936,Dry
481.8,42.5951,16.545,24.5579,729.615,Dry
482,16.5982,16.591,25.2895,750.462,Dry
482.3,21.7975,16.8212,25.2895,868.59,Dry
482.5,11.3988,17.9262,24.957,729.615,Dry
482.8,32.1963,19.3535,23.7264,750.462,Dry
483,42.5951,21.2411,22.7619,847.744,Dry
483.3,21.7975,21.0109,22.4959,590.641,Dry
483.5,84.1902,19.2153,22.7619,639.282,Dry
483.8,63.3926,18.3866,24.0257,635.808,Dry
484,21.7975,16.7292,24.9237,715.718,Dry
484.3,11.3988,16.1306,26.1543,583.692,Dry
484.5,1,15.44,27.152,677.5,Dry
484.8,32.1963,14.8876,27.2185,632.333,Dry
485,16.5982,14.9336,27.4846,639.282,Dry
485.3,21.7975,15.2559,26.7529,778.256,Dry
485.5,32.1963,16.0846,26.1543,674.026,Dry
485.8,42.5951,16.9133,25.7552,667.077,Dry
486,1,17.8571,25.6221,813,Dry
486.3,63.3926,18.2945,26.1543,694.872,Dry
486.5,63.3926,18.7549,26.0212,632.333,Dry
486.8,11.3988,19.2153,25.7552,667.077,Dry
487,11.3988,19.4455,25.9214,715.718,Dry
487.3,11.3988,19.1693,25.8217,799.103,Dry
487.5,1,18.4787,25.6886,569.795,Dry
487.8,1,17.742,25.7884,555.897,Dry
488,21.7975,16.9594,26.0212,569.795,Dry
488.3,21.7975,16.7292,26.0877,625.385,Dry
488.5,6.19939,16.2227,25.7552,521.154,Dry
488.8,1,15.9925,25.7552,715.718,Dry
489,1,15.9004,25.4226,785.205,Dry
489.3,6.19939,15.9465,24.957,639.282,Dry
489.5,1,16.0386,24.6244,583.692,Dry
489.8,11.3988,16.0846,24.3583,687.923,Dry
490,11.3988,16.0846,23.9592,660.128,Dry
490.3,1,15.9004,23.8262,632.333,Dry
490.5,32.1963,15.5321,23.6266,674.026,Dry
490.8,1,15.1638,23.4936,611.487,Dry
491,21.7975,14.7034,23.2275,548.949,Dry
491.3,1,14.4272,23.161,687.923,Dry
491.5,6.19939,14.3351,23.028,625.385,Dry
491.8,1,14.289,22.6289,677.5,Dry
492,1,14.7034,22.3628,667.077,Dry
492.3,21.7975,15.0717,22.3628,764.359,Dry
492.5,1,15.6012,22.7619,590.641,Dry
492.8,32.1963,15.348,22.895,542,Dry
493,1,14.9336,23.7597,677.5,Dry
493.3,21.7975,14.9106,23.4936,514.205,Dry
493.5,11.3988,15.394,22.895,639.282,Dry
493.8,42.5951,16.0846,22.895,653.18,Dry
494,84.1902,16.8212,22.6954,542,Dry
494.3,21.7975,17.719,22.895,715.718,Dry
494.5,47.7945,17.8341,23.6266,597.59,Dry
494.8,1,17.9722,24.957,521.154,Dry
495,32.1963,18.6629,25.8882,660.128,Dry
495.3,42.5951,18.801,25.9214,559.372,Dry
495.5,21.7975,20.5045,26.2208,535.051,Dry
495.8,21.7975,22.3461,26.1543,576.744,Dry
496,21.7975,24.0035,25.5556,653.18,Dry
496.3,52.9939,23.8654,25.223,514.205,Dry
496.5,11.3988,22.1159,26.1875,646.231,Dry
496.8,37.3957,19.5837,26.8859,653.18,Dry
497,32.1963,17.0054,27.2185,444.718,Dry
497.3,21.7975,16.1767,27.3183,521.154,Dry
497.5,1,16.3608,27.285,555.897,Dry
497.8,1,16.7752,26.8859,618.436,Dry
498,1,16.9594,26.0212,451.667,Dry
498.3,1,17.0975,25.988,542,Dry
498.5,1,17.0975,26.1543,479.462,Dry
498.8,32.1963,17.4658,26.0877,514.205,Dry
499,21.7975,18.3866,26.7529,562.846,Dry
499.3,42.5951,19.0772,26.4536,552.423,Dry
499.5,21.7975,19.0772,25.2563,625.385,Dry
499.8,32.1963,19.8599,23.7597,514.205,Dry
500,94.589,19.4455,23.3606,514.205,Dry
500.3,42.5951,16.9133,23.2941,514.205,Dry
500.5,52.9939,14.22,23.6931,465.564,Dry
500.8,16.5982,14.0588,24.2918,562.846,Dry
501,52.9939,14.7494,25.3561,687.923,Dry
501.3,11.3988,16.1767,26.1875,507.256,Dry
501.5,32.1963,16.7752,26.0212,618.436,Dry
501.8,1,17.65,26.6864,562.846,Dry
502,32.1963,19.1233,27.152,486.41,Dry
502.3,11.3988,21.2871,26.9525,653.18,Dry
502.5,63.3926,23.8654,26.8859,542,Dry
502.8,52.9939,24.602,27.5511,632.333,Dry
503,21.7975,24.3258,28.9479,458.615,Dry
503.3,94.589,23.7733,29.9124,538.526,Dry
503.5,32.1963,22.8065,30.4446,542,Dry
503.8,68.592,21.9317,30.8104,535.051,Dry
504,26.9969,21.0109,30.2783,535.051,Dry
504.3,11.3988,20.9188,29.0145,573.269,Dry
504.5,42.5951,20.8498,27.019,576.744,Dry
504.8,136.184,20.6426,26.1543,500.308,Dry
505,94.589,19.6757,25.4226,479.462,Dry
505.3,42.5951,17.7881,25.1565,583.692,Dry
505.5,42.5951,16.7292,25.1233,628.859,Dry
505.8,6.19939,15.7163,25.6221,507.256,Dry
506,11.3988,15.348,25.4226,604.538,Dry
506.3,1,15.2559,24.0257,597.59,Dry
506.5,11.3988,15.6702,23.7929,548.949,Dry
506.8,32.1963,15.44,23.3606,479.462,Dry
507,16.5982,15.8544,22.6289,583.692,Dry
507.3,11.3988,15.9925,22.3296,625.385,Dry
507.5,11.3988,15.394,22.7619,625.385,Dry
507.8,11.3988,15.6242,23.4271,493.359,Dry
508,21.7975,15.394,23.8927,562.846,Dry
508.3,52.9939,14.9796,24.4913,663.603,Dry
508.5,1,14.7955,24.8572,535.051,Dry
508.8,11.3988,15.1638,23.6266,507.256,Dry
509,32.1963,16.0386,22.5624,604.538,Dry
509.3,21.7975,17.4198,21.7642,590.641,Dry
509.5,42.5951,17.9722,21.099,618.436,Dry
509.8,11.3988,17.673,21.0325,611.487,Dry
510,21.7975,17.0975,21.8307,625.385,Dry
510.3,11.3988,16.6831,22.5624,611.487,Dry
510.5,1,16.1306,22.4959,545.474,Dry
510.8,6.19939,15.7163,22.3628,590.641,Dry
511,16.5982,15.3019,21.8972,493.359,Dry
511.3,1,14.7955,21.4316,597.59,Dry
511.5,1,14.289,21.0325,559.372,Dry
511.8,16.5982,13.7366,20.8995,521.154,Dry
512,1,13.2761,20.7664,507.256,Dry
512.3,1,12.7237,20.5669,479.462,Dry
512.5,1,12.5395,20.5004,559.372,Dry
512.8,6.19939,12.3093,20.3008,611.487,Dry
513,1,12.3093,19.8352,562.846,Dry
513.3,11.3988,12.1712,19.5026,500.308,Dry
513.5,11.3988,12.1251,19.4361,597.59,Dry
513.8,11.3988,12.1712,19.1035,590.641,Dry
514,11.3988,12.2172,18.7709,486.41,Dry
514.3,1,12.3093,18.5714,531.577,Dry
514.5,1,12.3553,18.6379,548.949,Dry
514.8,6.19939,12.6776,18.4384,632.333,Dry
515,1,12.8618,18.4384,667.077,Dry
515.3,21.7975,12.9078,18.5714,639.282,Dry
515.5,11.3988,12.9078,18.8707,486.41,Dry
515.8,6.19939,12.9078,18.904,625.385,Dry
516,11.3988,12.8618,18.904,729.615,Dry
516.3,1,12.8157,19.1035,632.333,Dry
516.5,21.7975,12.7697,19.1035,580.218,Dry
516.8,11.3988,12.8618,19.1035,653.18,Dry
517,6.19939,12.8157,19.3031,590.641,Dry
517.3,21.7975,12.8157,19.3696,597.59,Dry
517.5,1,12.9078,19.2698,625.385,Dry
517.8,1,12.9308,19.2365,625.385,Dry
518,1,13.138,19.3031,542,Dry
518.3,42.5951,13.3682,19.6356,590.641,Dry
518.5,1,13.5064,19.5359,514.205,Dry
518.8,16.5982,13.5984,19.5691,674.026,Dry
519,1,13.6905,19.8352,472.513,Dry
519.3,11.3988,13.6905,19.9682,604.538,Dry
519.5,1,14.1049,19.9017,548.949,Dry
519.8,1,14.1509,20.1013,687.923,Dry
520,6.19939,14.1049,20.4338,444.718,Dry
520.3,1,13.9668,19.9682,548.949,Dry
520.5,11.3988,14.197,19.5359,531.577,Dry
520.8,21.7975,14.4272,19.3031,597.59,Dry
521,11.3988,15.1178,19.2365,646.231,Dry
521.3,11.3988,14.7955,19.3031,569.795,Dry
521.5,1,14.1509,19.6356,597.59,Dry
521.8,11.3988,13.5064,20.5004,708.769,Dry
522,11.3988,13.0459,21.2986,583.692,Dry
522.3,21.7975,12.9539,21.3651,555.897,Dry
522.5,21.7975,13.0459,20.6334,566.32,Dry
522.8,21.7975,13.4603,20.0347,521.154,Dry
523,16.5982,13.9207,19.9017,646.231,Dry
523.3,11.3988,14.0588,19.4361,618.436,Dry
523.5,11.3988,14.243,19.4361,628.859,Dry
523.8,52.9939,14.1049,20.2343,416.923,Dry
524,6.19939,14.289,20.6334,632.333,Dry
524.3,32.1963,14.6574,21.0325,535.051,Dry
524.5,1,14.5192,21.1988,639.282,Dry
524.8,11.3988,14.7494,21.7642,687.923,Dry
525,21.7975,15.2559,21.8972,576.744,Dry
525.3,21.7975,15.6702,21.9637,521.154,Dry
525.5,21.7975,15.9465,22.3628,514.205,Dry
525.8,1,16.3378,22.6954,548.949,Dry
526,11.3988,16.8212,22.4959,583.692,Dry
526.3,1,17.2816,22.2298,583.692,Dry
526.5,32.1963,17.1435,22.6289,646.231,Dry
526.8,21.7975,16.7752,22.895,583.692,Dry
527,1,16.1306,23.3606,708.769,Dry
527.3,21.7975,15.6702,23.9592,555.897,Dry
527.5,21.7975,15.44,24.4248,573.269,Dry
527.8,42.5951,15.5551,24.8572,569.795,Dry
528,11.3988,15.9235,24.957,514.205,Dry
528.3,21.7975,16.6831,24.8239,576.744,Dry
528.5,21.7975,18.1104,25.0235,559.372,Dry
528.8,11.3988,19.6067,25.0235,548.949,Dry
529,52.9939,22.0008,25.4226,542,Dry
529.3,63.3926,22.8525,25.8882,514.205,Dry
529.5,63.3926,23.3129,27.0855,548.949,Dry
529.8,32.1963,23.7503,27.6841,625.385,Dry
530,84.1902,23.6812,27.8837,555.897,Dry
530.3,104.988,23.2208,28.6154,555.897,Dry
530.5,84.1902,22.5302,27.7507,548.949,Dry
530.8,84.1902,22.3,27.4846,625.385,Dry
531,42.5951,21.6094,28.6819,521.154,Dry
531.3,52.9939,19.8599,29.5466,555.897,Dry
531.5,52.9939,18.8931,29.8792,555.897,Dry
531.8,32.1963,19.0772,29.6464,646.231,Dry
532,84.1902,20.1822,29.214,486.41,Dry
532.3,167.38,22.5302,28.8814,542,Dry
532.5,94.589,23.3129,27.4846,535.051,Dry
532.8,52.9939,23.451,27.4181,625.385,Dry
533,32.1963,23.3129,26.9525,576.744,Dry
533.3,94.589,22.8986,26.4868,674.026,Dry
533.5,32.1963,20.8728,26.6199,639.282,Dry
533.8,84.1902,18.6859,26.9192,757.41,Dry
534,32.1963,17.2816,27.019,604.538,Dry
534.3,1,16.6831,26.8859,590.641,Dry
534.5,32.1963,16.4529,26.4868,674.026,Dry
534.8,1,16.1767,25.7552,632.333,Dry
535,21.7975,15.9235,25.223,708.769,Dry
535.3,1,15.4861,24.2253,590.641,Dry
535.5,21.7975,15.5321,23.4936,621.91,Dry
535.8,1,15.5321,22.8284,590.641,Dry
536,11.3988,15.2098,22.0968,583.692,Dry
536.3,11.3988,15.394,21.4981,604.538,Dry
536.5,52.9939,15.1178,21.4316,548.949,Dry
536.8,11.3988,15.0257,21.6311,604.538,Dry
537,32.1963,14.243,21.4316,576.744,Dry
537.3,1,13.3682,21.3651,542,Dry
537.5,1,12.9078,21.6977,569.795,Dry
537.8,1,12.9078,21.4981,482.936,Dry
538,11.3988,12.8618,21.232,583.692,Dry
538.3,1,12.7237,20.966,555.897,Dry
538.5,21.7975,12.6776,21.3651,514.205,Dry
538.8,42.5951,12.7237,21.1655,548.949,Dry
539,11.3988,12.9078,20.4338,444.718,Dry
539.3,6.19939,13.8286,19.3696,562.846,Dry
539.5,11.3988,14.7494,19.1035,472.513,Dry
539.8,104.988,15.9465,19.2698,416.923,Dry
540,21.7975,15.8314,19.3696,493.359,Dry
540.3,1,15.1178,19.4361,632.333,Dry
540.5,11.3988,14.243,21.0325,611.487,Dry
540.8,21.7975,13.5984,21.5314,555.897,Dry
541,21.7975,13.5064,21.5979,500.308,Dry
541.3,11.3988,13.3222,21.2986,514.205,Dry
541.5,32.1963,13.1841,21.2986,403.026,Dry
541.8,1,13.2761,21.099,500.308,Dry
542,1,13.5064,20.9992,423.872,Dry
542.3,21.7975,13.5064,20.7664,604.538,Dry
542.5,1,13.5524,20.966,562.846,Dry
542.8,1,13.6445,21.0325,573.269,Dry
543,1,13.5984,20.9992,548.949,Dry
543.3,6.19939,13.6445,21.0325,604.538,Dry
543.5,21.7975,13.5524,20.8995,528.103,Dry
543.8,1,13.5524,21.0325,521.154,Dry
544,1,13.5524,21.2653,548.949,Dry
544.3,6.19939,13.5524,21.2986,528.103,Dry
544.5,21.7975,14.1049,21.2986,514.205,Dry
544.8,1,15.0717,21.1655,628.859,Dry
545,11.3988,16.2227,21.0658,694.872,Dry
545.3,6.19939,16.7292,21.099,590.641,Dry
545.5,11.3988,16.591,21.1655,500.308,Dry
545.8,1,17.0054,21.4316,521.154,Dry
546,42.5951,18.0183,21.7642,614.962,Dry
546.3,68.592,19.2614,22.1633,611.487,Dry
546.5,32.1963,18.9851,21.8307,653.18,Dry
546.8,21.7975,18.7089,21.9637,493.359,Dry
547,84.1902,18.2024,22.6621,569.795,Dry
547.3,11.3988,17.3507,22.895,528.103,Dry
547.5,11.3988,17.1896,22.895,583.692,Dry
547.8,1,16.1767,23.0945,555.897,Dry
548,21.7975,14.9796,23.7264,826.897,Dry
548.3,11.3988,14.8415,23.8927,569.795,Dry
548.5,16.5982,15.3019,23.4936,590.641,Dry
548.8,11.3988,15.9925,22.8284,590.641,Dry
549,32.1963,16.7292,22.5624,514.205,Dry
549.3,42.5951,17.9032,22.2298,465.564,Dry
549.5,89.3896,19.4916,22.0968,444.718,Dry
549.8,11.3988,20.4584,22.0302,528.103,Dry
550,21.7975,19.952,22.6289,455.141,Dry
550.3,52.9939,19.3074,23.1943,535.051,Dry
550.5,26.9969,18.7319,23.6266,500.308,Dry
550.8,94.589,18.3406,23.0945,493.359,Dry
551,21.7975,18.1564,22.6289,614.962,Dry
551.3,32.1963,17.9262,22.6289,639.282,Dry
551.5,26.9969,17.0054,22.4959,694.872,Dry
551.8,11.3988,16.3148,22.4959,451.667,Dry
552,11.3988,15.5321,22.1633,555.897,Dry
552.3,11.3988,15.0257,21.4981,590.641,Dry
552.5,1,14.7955,21.232,625.385,Dry
552.8,1,13.9207,21.1655,472.513,Dry
553,21.7975,12.5395,20.7664,583.692,Dry
553.3,11.3988,12.3553,20.6001,590.641,Dry
553.5,1,12.8848,20.5669,604.538,Dry
553.8,21.7975,13.9207,20.5669,611.487,Dry
554,1,14.3351,20.4338,587.167,Dry
554.3,1,14.4732,20.7997,555.897,Dry
554.5,1,14.5423,21.0325,632.333,Dry
554.8,1,14.6574,21.099,757.41,Dry
555,1,14.6113,21.232,694.872,Dry
555.3,26.9969,14.5653,21.232,701.82,Dry
555.5,1,14.5192,21.099,611.487,Dry
555.8,1,14.4732,21.099,715.718,Dry
556,1,14.4272,21.0658,562.846,Dry
556.3,21.7975,14.3121,20.966,667.077,Dry
556.5,1,14.197,20.6999,625.385,Dry
556.8,1,14.1049,20.5336,601.064,Dry
557,1,14.1509,20.5669,639.282,Dry
557.3,1,14.1049,20.3673,639.282,Dry
557.5,6.19939,14.0128,20.2343,597.59,Dry
557.8,11.3988,13.8286,20.4338,653.18,Dry
558,1,13.6215,20.6001,590.641,Dry
558.3,1,13.5524,20.4338,611.487,Dry
558.5,6.19939,13.6445,20.3673,507.256,Dry
558.8,21.7975,13.5984,20.1013,500.308,Dry
559,1,13.7366,20.2676,583.692,Dry
559.3,1,13.6445,20.3008,590.641,Dry
559.5,21.7975,13.5984,20.4338,444.718,Dry
559.8,21.7975,13.4143,20.5669,493.359,Dry
560,11.3988,13.5524,20.5669,566.32,Dry
560.3,1,13.7826,20.5004,646.231,Dry
560.5,21.7975,14.1049,20.3673,555.897,Dry
560.8,42.5951,14.4272,20.6334,569.795,Dry
561,11.3988,14.7494,20.5004,625.385,Dry
561.3,11.3988,14.8415,20.5669,611.487,Dry
561.5,21.7975,15.0947,20.3673,667.077,Dry
561.8,11.3988,15.3019,20.3008,562.846,Dry
562,32.1963,15.6242,21.0325,531.577,Dry
562.3,11.3988,15.0717,21.5646,493.359,Dry
562.5,26.9969,14.3351,22.0302,521.154,Dry
562.8,1,14.3811,22.7619,555.897,Dry
563,11.3988,14.4272,22.7619,750.462,Dry
563.3,16.5982,15.7393,21.9637,674.026,Dry
563.5,16.5982,16.8903,20.8995,674.026,Dry
563.8,21.7975,17.0054,20.3008,507.256,Dry
564,125.785,17.9262,20.0015,340.487,Dry
564.3,110.187,18.9851,20.1013,583.692,Dry
564.5,115.387,19.1693,20.8329,479.462,Dry
564.8,73.7914,18.5247,22.0968,423.872,Dry
565,125.785,18.1564,22.7619,368.282,Dry
565.3,78.9908,18.3406,23.028,458.615,Dry
565.5,11.3988,17.9262,23.0945,653.18,Dry
565.8,1,17.4198,22.6289,722.667,Dry
566,42.5951,16.8212,22.1633,583.692,Dry
566.3,11.3988,16.0386,21.8307,528.103,Dry
566.5,47.7945,14.8876,21.8307,569.795,Dry
566.8,11.3988,13.5984,21.099,625.385,Dry
567,11.3988,12.9078,19.7687,729.615,Dry
567.3,1,13.0459,18.0393,514.205,Dry
567.5,32.1963,12.8157,17.5071,493.359,Dry
567.8,32.1963,11.6647,16.7089,298.795,Fresh_Water
568,52.9939,12.8157,16.6424,403.026,Fresh_Water
568.3,47.7945,16.545,17.0415,576.744,Fresh_Water
568.5,63.3926,19.2153,17.8397,535.051,Fresh_Water
568.8,73.7914,18.9391,21.1655,743.513,Fresh_Water
569,1,18.847,23.3606,736.564,Fresh_Water
569.3,42.5951,18.801,23.9592,687.923,Fresh_Water
569.5,37.3957,19.6757,23.5601,667.077,Fresh_Water
569.8,136.184,19.5837,22.5624,625.385,Fresh_Water
570,63.3926,19.998,22.6289,590.641,Fresh_Water
570.3,104.988,18.9391,23.2275,611.487,Fresh_Water
570.5,32.1963,17.5579,23.6266,715.718,Fresh_Water
570.8,1,16.8212,23.7597,597.59,Fresh_Water
571,21.7975,16.8212,23.028,604.538,Fresh_Water
571.3,84.1902,16.7292,22.3628,493.359,Fresh_Water
571.5,104.988,17.8341,21.4981,465.564,Fresh_Water
571.8,110.187,17.696,20.966,437.769,Fresh_Water
572,32.1963,17.742,21.5646,597.59,Fresh_Water
572.3,63.3926,16.4759,22.4626,653.18,Fresh_Water
572.5,1,16.1306,23.1943,465.564,Fresh_Water
572.8,63.3926,15.44,23.3606,708.769,Fresh_Water
573,11.3988,15.394,22.4293,625.385,Fresh_Water
573.3,1,15.5321,21.997,684.449,Fresh_Water
573.5,32.1963,15.348,21.2986,736.564,Fresh_Water
573.8,52.9939,14.9796,20.966,590.641,Fresh_Water
574,1,14.289,20.8329,618.436,Fresh_Water
574.3,1,13.6445,20.5669,660.128,Fresh_Water
574.5,6.19939,13.5064,20.6334,486.41,Fresh_Water
574.8,11.3988,13.3913,20.3008,562.846,Fresh_Water
575,21.7975,13.3222,20.0347,736.564,Fresh_Water
575.3,1,13.138,19.9017,646.231,Fresh_Water
575.5,6.19939,13.2301,19.8352,736.564,Fresh_Water
575.8,1,13.2992,19.4361,667.077,Fresh_Water
576,1,13.4143,19.5026,597.59,Fresh_Water
576.3,16.5982,13.4603,19.6356,625.385,Fresh_Water
576.5,11.3988,13.4143,19.5691,583.692,Fresh_Water
576.8,1,13.3682,19.2365,667.077,Fresh_Water
577,21.7975,13.2301,19.3031,625.385,Fresh_Water
577.3,1,13.2761,19.3363,569.795,Fresh_Water
577.5,11.3988,13.138,19.1035,826.897,Fresh_Water
577.8,1,13.0459,19.17,743.513,Fresh_Water
578,1,12.9539,19.2365,667.077,Fresh_Water
578.3,21.7975,12.9539,19.037,691.397,Fresh_Water
578.5,1,12.9539,18.7709,882.487,Fresh_Water
578.8,1,13.138,18.7044,680.974,Fresh_Water
579,1,13.0229,18.4384,687.923,Fresh_Water
579.3,6.19939,12.8157,18.6379,667.077,Fresh_Water
579.5,21.7975,12.2633,18.7044,819.949,Fresh_Water
579.8,32.1963,11.8489,18.6379,708.769,Fresh_Water
580,1,11.6647,18.8374,500.308,Fresh_Water
580.3,21.7975,11.8259,19.037,729.615,Fresh_Water
580.5,11.3988,12.5855,18.9705,750.462,Fresh_Water
580.8,11.3988,12.9999,18.7709,757.41,Fresh_Water
581,11.3988,13.3222,18.4384,896.385,Fresh_Water
581.3,1,13.9207,18.4384,799.103,Fresh_Water
581.5,21.7975,13.9207,18.2388,785.205,Fresh_Water
581.8,11.3988,14.0128,18.4051,924.18,Fresh_Water
582,11.3988,13.6445,18.8374,767.833,Fresh_Water
582.3,1,13.2301,19.17,743.513,Fresh_Water
582.5,1,13.092,19.3696,708.769,Fresh_Water
582.8,1,13.092,19.2365,576.744,Fresh_Water
583,1,13.0459,19.3696,680.974,Fresh_Water
583.3,1,13.092,19.3696,743.513,Fresh_Water
583.5,6.19939,12.9769,19.17,632.333,Fresh_Water
583.8,16.5982,12.8848,19.4361,687.923,Fresh_Water
584,1,12.9078,19.9682,715.718,Fresh_Water
584.3,21.7975,12.8618,19.5026,708.769,Fresh_Water
584.5,1,13.092,18.4716,674.026,Fresh_Water
584.8,1,13.5524,18.5714,736.564,Fresh_Water
585,1,13.1841,18.3053,826.897,Fresh_Water
585.3,52.9939,14.3351,17.2411,542,Fresh_Water
585.5,1,15.348,17.2411,687.923,Fresh_Water
585.8,1,14.7034,18.1723,639.282,Fresh_Water
586,21.7975,14.197,19.6356,608.013,Fresh_Water
586.3,11.3988,14.4272,20.3008,576.744,Fresh_Water
586.5,32.1963,13.5984,21.099,590.641,Fresh_Water
586.8,11.3988,13.9668,21.5646,500.308,Fresh_Water
587,37.3957,15.2559,20.8995,660.128,Fresh_Water
587.3,52.9939,16.7752,20.2343,576.744,Fresh_Water
587.5,42.5951,19.1002,20.2343,736.564,Fresh_Water
587.8,16.5982,18.87,20.1013,597.59,Fresh_Water
588,32.1963,18.2485,21.7642,569.795,Fresh_Water
588.3,32.1963,17.3737,22.8284,590.641,Fresh_Water
588.5,21.7975,17.2816,22.5624,576.744,Fresh_Water
588.8,63.3926,17.3737,22.0302,611.487,Fresh_Water
589,21.7975,17.0975,21.2653,597.59,Fresh_Water
589.3,11.3988,16.6831,21.1988,555.897,Fresh_Water
589.5,42.5951,15.348,20.5336,653.18,Fresh_Water
589.8,11.3988,14.7955,20.3008,496.833,Fresh_Water
590,11.3988,14.197,20.5004,677.5,Fresh_Water
590.3,11.3988,13.9207,20.5669,691.397,Fresh_Water
590.5,11.3988,13.5064,20.1678,670.551,Fresh_Water
590.8,1,13.3682,19.9682,635.808,Fresh_Water
591,21.7975,12.9769,20.0347,625.385,Fresh_Water
591.3,1,12.8388,19.7022,618.436,Fresh_Water
591.5,1,12.9539,19.17,611.487,Fresh_Water
591.8,1,12.9078,18.904,646.231,Fresh_Water
592,11.3988,12.6776,19.3696,590.641,Fresh_Water
592.3,21.7975,12.5395,19.2365,674.026,Fresh_Water
592.5,1,12.8618,19.1035,680.974,Fresh_Water
592.8,11.3988,13.0459,19.037,722.667,Fresh_Water
593,11.3988,13.4603,19.2365,757.41,Fresh_Water
593.3,1,13.6445,19.1368,694.872,Fresh_Water
593.5,11.3988,13.6905,18.904,667.077,Fresh_Water
593.8,11.3988,13.6905,19.037,719.192,Fresh_Water
594,16.5982,13.6215,18.904,660.128,Fresh_Water
594.3,6.19939,13.5984,18.9705,646.231,Fresh_Water
594.5,1,13.5984,18.8374,694.872,Fresh_Water
594.8,6.19939,13.4603,19.1035,639.282,Fresh_Water
595,1,13.3682,19.17,750.462,Fresh_Water
595.3,32.1963,13.0459,19.3696,687.923,Fresh_Water
595.5,11.3988,13.092,19.2033,708.769,Fresh_Water
595.8,1,12.9539,19.2365,778.256,Fresh_Water
596,1,12.8618,19.1368,611.487,Fresh_Water
596.3,11.3988,12.9999,19.037,694.872,Fresh_Water
596.5,11.3988,12.9539,18.9705,764.359,Fresh_Water
596.8,1,13.092,19.037,601.064,Fresh_Water
597,6.19939,13.1841,19.1035,813,Fresh_Water
597.3,1,13.1841,18.9705,729.615,Fresh_Water
597.5,11.3988,13.2301,19.037,729.615,Fresh_Water
597.8,11.3988,13.2761,18.904,771.308,Fresh_Water
598,21.7975,13.2071,18.904,674.026,Fresh_Water
598.3,1,13.3452,19.1035,819.949,Fresh_Water
598.5,1,13.2301,19.0703,667.077,Fresh_Water
598.8,1,13.4143,19.3363,618.436,Fresh_Water
599,11.3988,13.4603,19.7354,632.333,Fresh_Water
599.3,11.3988,13.3682,20.0347,611.487,Fresh_Water
599.5,1,13.5524,20.5669,632.333,Fresh_Water
599.8,1,13.6905,20.966,611.487,Fresh_Water
600,6.19939,14.5192,20.8995,562.846,Fresh_Water
600.3,11.3988,15.394,20.8995,621.91,Fresh_Water
600.5,1,16.2227,20.8329,555.897,Fresh_Water
600.8,21.7975,16.591,21.099,642.756,Fresh_Water
601,11.3988,17.2356,21.5646,674.026,Fresh_Water
601.3,1,16.7982,21.9637,750.462,Fresh_Water
601.5,1,17.1896,22.5291,875.538,Fresh_Water
601.8,11.3988,17.4658,23.028,639.282,Fresh_Water
602,21.7975,17.8802,23.6599,639.282,Fresh_Water
602.3,11.3988,18.2485,24.1588,806.051,Fresh_Water
602.5,1,18.2485,23.8262,788.68,Fresh_Water
602.8,11.3988,18.6629,23.8927,694.872,Fresh_Water
603,11.3988,18.847,24.0257,844.269,Fresh_Water
603.3,21.7975,18.0643,24.1588,753.936,Fresh_Water
603.5,1,17.7651,24.4248,625.385,Fresh_Water
603.8,1,16.9363,24.5579,792.154,Fresh_Water
604,1,16.591,24.957,826.897,Fresh_Water
604.3,1,16.3378,25.4226,729.615,Fresh_Water
604.5,11.3988,16.0846,25.1898,694.872,Fresh_Water
604.8,1,15.9004,25.223,736.564,Fresh_Water
605,1,15.6702,25.6886,687.923,Fresh_Water
605.3,21.7975,15.44,25.6886,639.282,Fresh_Water
605.5,11.3988,15.8084,25.4226,618.436,Fresh_Water
605.8,6.19939,17.0054,24.7574,580.218,Fresh_Water
606,73.7914,19.4455,24.4248,628.859,Fresh_Water
606.3,89.3896,23.5892,23.5601,562.846,Fresh_Water
606.5,125.785,25.9372,22.895,458.615,Fresh_Water
606.8,84.1902,26.2595,22.8284,576.744,Fresh_Water
607,52.9939,25.3847,23.1943,687.923,Fresh_Water
607.3,94.589,22.3,24.0257,715.718,Fresh_Water
607.5,84.1902,18.2024,25.1565,632.333,Fresh_Water
607.8,32.1963,15.9925,25.8549,597.59,Fresh_Water
608,6.19939,14.5192,25.6221,778.256,Fresh_Water
608.3,6.19939,14.7955,25.09,795.628,Fresh_Water
608.5,1,15.3019,23.9592,604.538,Fresh_Water
608.8,16.5982,15.1178,22.895,746.987,Fresh_Water
609,1,15.6933,22.6289,674.026,Fresh_Water
609.3,1,15.0027,22.3628,680.974,Fresh_Water
609.5,1,14.7494,22.6621,729.615,Fresh_Water
609.8,21.7975,14.5192,22.8284,597.59,Fresh_Water
610,11.3988,14.3811,22.7952,646.231,Fresh_Water
610.3,1,14.4732,22.6621,500.308,Fresh_Water
610.5,11.3988,14.6113,22.2963,729.615,Fresh_Water
610.8,42.5951,14.9796,22.1633,687.923,Fresh_Water
611,21.7975,15.1178,22.1633,684.449,Fresh_Water
611.3,1,15.3019,21.8307,566.32,Fresh_Water
611.5,11.3988,15.2559,21.3651,590.641,Fresh_Water
611.8,11.3988,15.2559,21.232,611.487,Fresh_Water
612,11.3988,14.9106,21.7642,687.923,Fresh_Water
612.3,21.7975,15.348,21.8972,778.256,Fresh_Water
612.5,11.3988,15.348,21.5314,674.026,Fresh_Water
612.8,11.3988,15.1638,21.8972,694.872,Fresh_Water
613,6.19939,15.1178,22.0302,701.82,Fresh_Water
613.3,1,15.2098,21.5646,625.385,Fresh_Water
613.5,26.9969,15.44,21.4981,656.654,Fresh_Water
613.8,11.3988,15.0257,21.7642,705.295,Fresh_Water
614,11.3988,14.9566,22.0968,597.59,Fresh_Water
614.3,11.3988,14.5883,22.3628,625.385,Fresh_Water
614.5,1,14.289,22.2963,660.128,Fresh_Water
614.8,1,14.5192,22.6289,458.615,Fresh_Water
615,1,15.0717,21.8307,555.897,Fresh_Water
615.3,11.3988,15.6242,20.966,535.051,Fresh_Water
615.5,16.5982,16.4069,20.5004,535.051,Fresh_Water
615.8,1,15.9465,20.4338,694.872,Fresh_Water
616,1,15.8544,20.4338,576.744,Fresh_Water
616.3,1,15.3019,20.4338,576.744,Fresh_Water
616.5,11.3988,14.6804,20.6999,451.667,Fresh_Water
616.8,1,14.289,21.1655,528.103,Fresh_Water
617,1,14.0128,20.7332,535.051,Fresh_Water
617.3,1,13.9437,20.8329,500.308,Fresh_Water
617.5,1,13.7826,20.6667,451.667,Fresh_Water
617.8,1,13.7366,20.7997,660.128,Fresh_Water
618,6.19939,13.8286,20.6999,528.103,Fresh_Water
618.3,6.19939,13.8286,20.4338,569.795,Fresh_Water
618.5,11.3988,14.7955,20.3008,608.013,Fresh_Water
618.8,11.3988,15.2098,20.3008,573.269,Fresh_Water
619,11.3988,15.7393,20.2343,555.897,Fresh_Water
619.3,1,15.9925,20.7664,458.615,Fresh_Water
619.5,11.3988,15.9004,21.0325,542,Fresh_Water
619.8,11.3988,15.9925,21.5646,625.385,Fresh_Water
620,1,16.0846,21.5646,535.051,Fresh_Water
620.3,11.3988,15.9465,21.5646,548.949,Fresh_Water
620.5,21.7975,15.8544,21.8307,625.385,Fresh_Water
620.8,32.1963,15.9925,21.997,559.372,Fresh_Water
621,1,15.8544,22.263,524.628,Fresh_Water
621.3,1,15.7623,22.5624,601.064,Fresh_Water
621.5,1,15.6702,22.895,542,Fresh_Water
621.8,1,15.8544,22.9615,576.744,Fresh_Water
622,1,15.9465,23.0945,604.538,Fresh_Water
622.3,11.3988,16.3148,22.9615,625.385,Fresh_Water
622.5,11.3988,16.591,22.8617,649.705,Fresh_Water
622.8,6.19939,16.7982,22.6289,583.692,Fresh_Water
623,6.19939,17.1665,22.3628,680.974,Fresh_Water
623.3,11.3988,17.0054,22.2963,715.718,Fresh_Water
623.5,11.3988,16.591,22.2963,771.308,Fresh_Water
623.8,1,16.3148,22.13,566.32,Fresh_Water
624,21.7975,15.9004,22.0635,590.641,Fresh_Water
624.3,1,15.5551,22.2298,625.385,Fresh_Water
624.5,16.5982,15.3249,22.4293,611.487,Fresh_Water
624.8,11.3988,14.8876,22.4293,576.744,Fresh_Water
625,11.3988,14.7034,22.3628,368.282,Fresh_Water
625.3,1,15.0257,21.997,423.872,Fresh_Water
625.5,11.3988,15.2559,21.2986,486.41,Fresh_Water
625.8,21.7975,15.9004,21.0325,583.692,Fresh_Water
626,16.5982,16.4529,21.099,542,Fresh_Water
626.3,1,16.1767,21.2986,535.051,Fresh_Water
626.5,1,15.8544,22.1633,583.692,Fresh_Water
626.8,21.7975,15.3019,23.028,517.68,Fresh_Water
627,1,14.8876,23.7929,521.154,Fresh_Water
627.3,16.5982,14.9566,24.4913,416.923,Fresh_Water
627.5,11.3988,15.3019,24.3583,562.846,Fresh_Water
627.8,21.7975,16.1767,23.9592,514.205,Fresh_Water
628,21.7975,17.8341,23.4271,583.692,Fresh_Water
628.3,32.1963,20.5045,22.8284,458.615,Fresh_Water
628.5,84.1902,23.451,21.6311,486.41,Fresh_Water
628.8,78.9908,23.9114,22.0968,416.923,Fresh_Water
629,115.387,22.3691,23.9592,555.897,Fresh_Water
629.3,32.1963,19.9059,24.957,576.744,Fresh_Water
629.5,11.3988,18.9851,24.957,500.308,Fresh_Water
629.8,21.7975,18.2485,24.6576,687.923,Fresh_Water
630,32.1963,18.9391,24.6909,528.103,Fresh_Water
630.3,11.3988,18.3406,24.1588,507.256,Fresh_Water
630.5,1,17.4198,23.6266,423.872,Fresh_Water
630.8,11.3988,16.7752,23.4936,555.897,Fresh_Water
631,21.7975,15.9004,23.2275,375.231,Fresh_Water
631.3,42.5951,15.9465,23.161,569.795,Fresh_Water
631.5,21.7975,15.5321,22.2963,479.462,Fresh_Water
631.8,1,15.44,21.8972,437.769,Fresh_Water
632,6.19939,15.2559,21.6311,545.474,Fresh_Water
632.3,6.19939,15.2329,21.1655,535.051,Fresh_Water
632.5,1,15.1638,20.8329,583.692,Fresh_Water
632.8,11.3988,15.0257,20.3008,667.077,Fresh_Water
633,1,14.7955,20.201,569.795,Fresh_Water
633.3,21.7975,14.6574,20.201,576.744,Fresh_Water
633.5,11.3988,14.4962,19.9682,594.115,Fresh_Water
633.8,26.9969,14.243,19.6356,594.115,Fresh_Water
634,21.7975,14.3351,19.3031,437.769,Fresh_Water
634.3,21.7975,14.4272,18.904,576.744,Fresh_Water
634.5,1,14.5192,18.7044,611.487,Fresh_Water
634.8,11.3988,14.0128,18.5714,444.718,Fresh_Water
635,21.7975,13.7366,18.5714,531.577,Fresh_Water
635.3,1,13.2071,18.5714,535.051,Fresh_Water
635.5,32.1963,12.9078,18.7044,489.885,Fresh_Water
635.8,6.19939,12.9308,18.7044,542,Fresh_Water
636,11.3988,12.9078,18.2388,479.462,Fresh_Water
636.3,11.3988,12.7697,18.1723,597.59,Fresh_Water
636.5,1,12.7467,18.0393,479.462,Fresh_Water
636.8,11.3988,12.7237,17.8397,573.269,Fresh_Water
637,1,12.6546,17.7732,590.641,Fresh_Water
637.3,16.5982,12.6776,17.6402,479.462,Fresh_Water
637.5,1,12.6776,17.6402,486.41,Fresh_Water
637.8,1,12.6776,17.4406,521.154,Fresh_Water
638,1,12.5855,17.5071,430.821,Fresh_Water
638.3,11.3988,12.7237,17.4073,569.795,Fresh_Water
638.5,11.3988,12.7927,17.3076,562.846,Fresh_Water
638.8,26.9969,12.8618,17.108,576.744,Fresh_Water
639,1,12.8157,16.842,590.641,Fresh_Water
639.3,21.7975,12.8157,16.9085,639.282,Fresh_Water
639.5,1,12.5855,16.5759,548.949,Fresh_Water
639.8,11.3988,12.1712,16.5426,486.41,Fresh_Water
640,1,11.3655,16.5759,548.949,Fresh_Water
640.3,16.5982,11.0202,16.5094,604.538,Fresh_Water
640.5,1,11.3885,16.5759,465.564,Fresh_Water
640.8,11.3988,11.7338,16.5094,583.692,Fresh_Water
641,11.3988,11.941,16.4429,500.308,Fresh_Water
641.3,16.5982,12.2863,16.842,590.641,Fresh_Water
641.5,1,12.7467,16.7089,719.192,Fresh_Water
641.8,11.3988,12.9539,16.9085,694.872,Fresh_Water
642,6.19939,12.8618,17.4406,618.436,Fresh_Water
642.3,11.3988,12.7697,17.5736,628.859,Fresh_Water
642.5,1,12.7237,17.7732,573.269,Fresh_Water
642.8,1,12.8157,18.1723,743.513,Fresh_Water
643,1,12.7697,18.3053,653.18,Fresh_Water
643.3,26.9969,12.9539,18.1723,691.397,Fresh_Water
643.5,11.3988,13.2761,18.1723,548.949,Fresh_Water
643.8,21.7975,14.0128,18.4716,597.59,Fresh_Water
644,32.1963,15.2789,18.7377,687.923,Fresh_Water
644.3,32.1963,16.2227,18.3718,531.577,Fresh_Water
644.5,21.7975,16.2688,18.1723,611.487,Fresh_Water
644.8,26.9969,16.591,17.9395,469.038,Fresh_Water
645,37.3957,16.0386,17.8397,538.526,Fresh_Water
645.3,37.3957,15.7163,18.006,597.59,Fresh_Water
645.5,52.9939,14.8415,18.139,548.949,Fresh_Water
645.8,16.5982,14.3811,18.8042,580.218,Fresh_Water
646,11.3988,13.6445,19.2365,535.051,Fresh_Water
646.3,11.3988,13.2301,19.5691,660.128,Fresh_Water
646.5,21.7975,13.115,19.5026,542,Fresh_Water
646.8,1,12.9539,19.2698,674.026,Fresh_Water
647,1,12.9999,19.1035,569.795,Fresh_Water
647.3,11.3988,13.0459,19.2365,653.18,Fresh_Water
647.5,6.19939,13.115,19.2033,548.949,Fresh_Water
647.8,11.3988,13.138,19.2365,555.897,Fresh_Water
648,11.3988,13.3452,19.2365,680.974,Fresh_Water
648.3,11.3988,13.3222,19.2698,677.5,Fresh_Water
648.5,21.7975,13.3452,19.2033,653.18,Fresh_Water
648.8,11.3988,13.5294,19.037,608.013,Fresh_Water
649,1,13.7135,18.904,684.449,Fresh_Water
649.3,1,13.7826,18.9372,743.513,Fresh_Water
649.5,6.19939,14.0128,18.9705,698.346,Fresh_Water
649.8,6.19939,14.1279,18.8707,701.82,Fresh_Water
650,6.19939,14.22,19.0703,740.038,Fresh_Water
650.3,16.5982,14.289,19.1368,646.231,Fresh_Water
650.5,1,14.3581,19.037,660.128,Fresh_Water
650.8,11.3988,14.4732,18.8042,715.718,Fresh_Water
651,6.19939,14.4962,18.7044,632.333,Fresh_Water
651.3,21.7975,14.3121,18.8042,660.128,Fresh_Water
651.5,6.19939,13.9668,18.8374,653.18,Fresh_Water
651.8,6.19939,13.8056,18.7377,635.808,Fresh_Water
652,1,13.5984,18.9372,587.167,Fresh_Water
652.3,1,13.5294,18.7044,587.167,Fresh_Water
652.5,1,13.6675,18.5714,469.038,Fresh_Water
652.8,0,13.6675,18.5714,552.423,Fresh_Water
653,0,13.6215,18.4716,576.744,Fresh_Water
653.3,0,13.5064,18.5381,514.205,Fresh_Water
653.5,0,13.5064,18.5049,576.744,Fresh_Water
653.8,0,13.5294,0,503.782,Fresh_Water
654,0,13.5294,0,521.154,Fresh_Water
654.3,0,0,0,475.987,Fresh_Water
654.5,0,0,0,0,Fresh_Water
